match_id,match_date,kickoff_utc,date_source,competition,match_day,home_team,away_team,home_team_id,away_team_id,stadium_id,stadium,stadium_city,stadium_country,home_goals,away_goals,sched_home_goals,sched_away_goals,home_id_matches_schedule
MLS-MAT-000687,2025-03-07,2025-03-07T23:35:30.341Z,local_home_tz,MLS NEXT Pro - Regular Season,1,Austin,Colorado Rapids 2,MLS-CLU-00001Q,MLS-CLU-000018,MLS-STA-000018,Parmer Field,"Austin, TX",USA,4,2,4,2,True
MLS-MAT-000688,2025-03-07,2025-03-08T00:03:55.634Z,local_home_tz,MLS NEXT Pro - Regular Season,1,Charlotte,NYCFC II,MLS-CLU-00001R,MLS-CLU-00001E,MLS-STA-000039,Mecklenburg County Sportsplex,"Matthews, NC",USA,2,2,2,2,True
MLS-MAT-00068A,2025-03-07,2025-03-08T00:03:37.379Z,local_home_tz,MLS NEXT Pro - Regular Season,1,Inter Miami CF II,Chattanooga,MLS-CLU-00001C,MLS-CLU-00003H,MLS-STA-000008,Chase Stadium,"Fort Lauderdale, FL",USA,1,2,1,2,True
MLS-MAT-000689,2025-03-07,2025-03-08T00:33:51.71Z,local_home_tz,MLS NEXT Pro - Regular Season,1,Atlanta,RBNY II,MLS-CLU-00001W,MLS-CLU-00001V,MLS-STA-000011,Fifth Third Stadium,"Kennesaw, GA",USA,0,1,0,1,True
MLS-MAT-000686,2025-03-07,2025-03-08T03:05:46.765Z,local_home_tz,MLS NEXT Pro - Regular Season,1,Ventura County,Tacoma Defiance,MLS-CLU-00001T,MLS-CLU-00000X,MLS-STA-00004W,William Rolland Stadium,Thousand Oaks,USA,3,2,3,2,True
MLS-MAT-00068B,2025-03-08,2025-03-09T02:03:52.322Z,local_home_tz,MLS NEXT Pro - Regular Season,1,Houston Dynamo 2,Sporting KC II,MLS-CLU-00001B,MLS-CLU-00000Y,MLS-STA-00000Y,SaberCats Stadium,"Houston, TX",USA,2,0,3,1,True
MLS-MAT-00068D,2025-03-09,2025-03-09T19:03:17.266Z,local_home_tz,MLS NEXT Pro - Regular Season,1,New England Revolution II,Philadelphia Union II,MLS-CLU-000016,MLS-CLU-00000Z,MLS-STA-00000N,Gillette Stadium,"Foxborough, MA",USA,0,0,0,0,True
MLS-MAT-00068E,2025-03-09,2025-03-09T20:03:32.554Z,local_home_tz,MLS NEXT Pro - Regular Season,1,Chicago Fire FC II,Huntsville,MLS-CLU-000017,MLS-CLU-00001S,MLS-STA-00001B,SeatGeek Stadium,"Bridgeview, IL",USA,1,3,1,4,True
MLS-MAT-00068F,2025-03-09,2025-03-09T22:03:47.945Z,local_home_tz,MLS NEXT Pro - Regular Season,1,FC Cincinnati 2,TFC II,MLS-CLU-00001A,MLS-CLU-000011,MLS-STA-000016,NKU Soccer Stadium,Cincinnati,USA,0,1,0,1,True
MLS-MAT-00068G,2025-03-09,2025-03-09T23:03:23.259Z,local_home_tz,MLS NEXT Pro - Regular Season,1,Orlando City B,Columbus Crew 2,MLS-CLU-000010,MLS-CLU-000019,MLS-STA-000017,Osceola Heritage Park,"Kissimmee, FL",USA,2,1,2,1,True
MLS-MAT-00068H,2025-03-09,2025-03-10T00:33:56.969Z,local_home_tz,MLS NEXT Pro - Regular Season,1,North Texas SC,St Louis CITY2,MLS-CLU-000015,MLS-CLU-00001G,MLS-STA-000010,Choctaw Stadium,"Arlington, TX",USA,0,2,0,3,True
MLS-MAT-00068C,2025-03-09,2025-03-10T02:03:16.979Z,local_home_tz,MLS NEXT Pro - Regular Season,1,LAFC 2,Whitecaps FC 2,MLS-CLU-00001U,MLS-CLU-000014,MLS-STA-00001F,Titan Stadium,"Fullerton, CA",USA,3,3,3,3,True
MLS-MAT-00068I,2025-03-13,2025-03-13T21:02:37.795Z,local_home_tz,MLS NEXT Pro - Regular Season,2,New England Revolution II,FC Cincinnati 2,MLS-CLU-000016,MLS-CLU-00001A,MLS-STA-00000N,Gillette Stadium,"Foxborough, MA",USA,2,0,2,0,True
MLS-MAT-00068O,2025-03-13,2025-03-13T23:03:13.96Z,local_home_tz,MLS NEXT Pro - Regular Season,2,Inter Miami CF II,Carolina Core FC,MLS-CLU-00001C,MLS-CLU-00003I,MLS-STA-000008,Chase Stadium,"Fort Lauderdale, FL",USA,1,1,1,1,True
MLS-MAT-00068J,2025-03-13,2025-03-14T00:19:30.141Z,local_home_tz,MLS NEXT Pro - Regular Season,2,Chicago Fire FC II,TFC II,MLS-CLU-000017,MLS-CLU-000011,MLS-STA-00001B,SeatGeek Stadium,"Bridgeview, IL",USA,1,0,1,0,True
MLS-MAT-00068M,2025-03-14,2025-03-14T22:34:15.496Z,local_home_tz,MLS NEXT Pro - Regular Season,2,Austin,MNUFC2,MLS-CLU-00001Q,MLS-CLU-00001D,MLS-STA-000018,Parmer Field,"Austin, TX",USA,0,1,0,1,True
MLS-MAT-00068N,2025-03-14,2025-03-14T23:05:06.041Z,local_home_tz,MLS NEXT Pro - Regular Season,2,Sporting KC II,St Louis CITY2,MLS-CLU-00000Y,MLS-CLU-00001G,MLS-STA-000026,Children's Mercy Victory Field,Kansas City,USA,0,1,0,1,True
MLS-MAT-00068P,2025-03-14,2025-03-14T23:33:48.751Z,local_home_tz,MLS NEXT Pro - Regular Season,2,NYCFC II,Columbus Crew 2,MLS-CLU-00001E,MLS-CLU-000019,MLS-STA-00000Z,Belson Stadium,New York,USA,2,0,2,0,True
MLS-MAT-00068Q,2025-03-14,2025-03-15T00:33:14.334Z,local_home_tz,MLS NEXT Pro - Regular Season,2,North Texas SC,Whitecaps FC 2,MLS-CLU-000015,MLS-CLU-000014,MLS-STA-000010,Choctaw Stadium,"Arlington, TX",USA,3,2,3,2,True
MLS-MAT-00068K,2025-03-14,2025-03-15T02:03:34.453Z,local_home_tz,MLS NEXT Pro - Regular Season,2,LAFC 2,Ventura County,MLS-CLU-00001U,MLS-CLU-00001T,MLS-STA-00001F,Titan Stadium,"Fullerton, CA",USA,2,1,3,1,True
MLS-MAT-00068L,2025-03-14,2025-03-15T02:03:50.033Z,local_home_tz,MLS NEXT Pro - Regular Season,2,Tacoma Defiance,Town FC,MLS-CLU-00000X,MLS-CLU-00001F,MLS-STA-00001D,Starfire Sports Complex,"Tukwila, WA",USA,3,1,3,1,True
MLS-MAT-00068S,2025-03-15,2025-03-15T17:03:40.821Z,local_home_tz,MLS NEXT Pro - Regular Season,2,Chattanooga,Huntsville,MLS-CLU-00003H,MLS-CLU-00001S,MLS-STA-00002S,Finley Stadium,Chattanooga,USA,1,0,1,0,True
MLS-MAT-00068R,2025-03-15,2025-03-16T02:33:07.771Z,local_home_tz,MLS NEXT Pro - Regular Season,2,Timbers2,Real Monarchs,MLS-CLU-000012,MLS-CLU-000013,MLS-STA-00000P,Providence Park,"Portland, OR",USA,2,3,2,3,True
MLS-MAT-00068T,2025-03-16,2025-03-16T23:03:25.849Z,local_home_tz,MLS NEXT Pro - Regular Season,2,Orlando City B,Atlanta,MLS-CLU-000010,MLS-CLU-00001W,MLS-STA-000017,Osceola Heritage Park,"Kissimmee, FL",USA,2,2,2,2,True
MLS-MAT-00068U,2025-03-17,2025-03-17T23:03:12.007Z,local_home_tz,MLS NEXT Pro - Regular Season,2,Philadelphia Union II,RBNY II,MLS-CLU-00000Z,MLS-CLU-00001V,MLS-STA-000002,Subaru Park,"Chester, PA",USA,1,1,1,1,True
MLS-MAT-00068X,2025-03-23,2025-03-23T21:02:40.564Z,local_home_tz,MLS NEXT Pro - Regular Season,3,St Louis CITY2,Sporting KC II,MLS-CLU-00001G,MLS-CLU-00000Y,MLS-STA-00000U,Energizer Park,"St. Louis, MO",USA,2,0,2,0,True
MLS-MAT-00068V,2025-03-23,2025-03-23T23:03:34.065Z,local_home_tz,MLS NEXT Pro - Regular Season,3,Houston Dynamo 2,North Texas SC,MLS-CLU-00001B,MLS-CLU-000015,MLS-STA-00000Y,SaberCats Stadium,"Houston, TX",USA,5,1,5,1,True
MLS-MAT-0006D5,2025-03-23,2025-03-23T23:03:33.426Z,local_home_tz,MLS NEXT Pro - Regular Season,3,Inter Miami CF II,Columbus Crew 2,MLS-CLU-00001C,MLS-CLU-000019,MLS-STA-000008,Chase Stadium,"Fort Lauderdale, FL",USA,3,2,4,2,True
MLS-MAT-00068Y,2025-03-23,2025-03-24T00:02:39.243Z,local_home_tz,MLS NEXT Pro - Regular Season,3,Real Monarchs,Colorado Rapids 2,MLS-CLU-000013,MLS-CLU-000018,MLS-STA-00000R,America First Field,"Sandy, UT",USA,2,2,2,2,True
MLS-MAT-00068Z,2025-03-24,2025-03-24T23:36:02.385Z,local_home_tz,MLS NEXT Pro - Regular Season,3,NYCFC II,Carolina Core FC,MLS-CLU-00001E,MLS-CLU-00003I,MLS-STA-00000Z,Belson Stadium,New York,USA,1,1,2,1,True
MLS-MAT-000692,2025-03-26,2025-03-26T23:03:13.906Z,local_home_tz,MLS NEXT Pro - Regular Season,3,Charlotte,Orlando City B,MLS-CLU-00001R,MLS-CLU-000010,MLS-STA-000039,Mecklenburg County Sportsplex,"Matthews, NC",USA,0,1,0,1,True
MLS-MAT-000690,2025-03-26,2025-03-27T02:03:24.913Z,local_home_tz,MLS NEXT Pro - Regular Season,3,Ventura County,Houston Dynamo 2,MLS-CLU-00001T,MLS-CLU-00001B,MLS-STA-00004W,William Rolland Stadium,Thousand Oaks,USA,1,0,1,0,True
MLS-MAT-000691,2025-03-26,2025-03-27T02:33:07.327Z,local_home_tz,MLS NEXT Pro - Regular Season,3,Timbers2,Town FC,MLS-CLU-000012,MLS-CLU-00001F,MLS-STA-00000P,Providence Park,"Portland, OR",USA,1,1,1,1,True
MLS-MAT-000693,2025-03-28,2025-03-28T18:03:10.23Z,local_home_tz,MLS NEXT Pro - Regular Season,3,New England Revolution II,TFC II,MLS-CLU-000016,MLS-CLU-000011,MLS-STA-00000N,Gillette Stadium,"Foxborough, MA",USA,4,0,4,0,True
MLS-MAT-000694,2025-03-28,2025-03-29T00:03:22.097Z,local_home_tz,MLS NEXT Pro - Regular Season,3,Huntsville,Philadelphia Union II,MLS-CLU-00001S,MLS-CLU-00000Z,MLS-STA-000013,Wicks Family Field,"Huntsville, AL",USA,2,2,2,2,True
MLS-MAT-000695,2025-03-28,2025-03-29T00:48:30.388Z,local_home_tz,MLS NEXT Pro - Regular Season,3,North Texas SC,Sporting KC II,MLS-CLU-000015,MLS-CLU-00000Y,MLS-STA-000010,Choctaw Stadium,"Arlington, TX",USA,3,3,3,3,True
MLS-MAT-000696,2025-03-29,2025-03-29T23:03:21.01Z,local_home_tz,MLS NEXT Pro - Regular Season,3,Whitecaps FC 2,Timbers2,MLS-CLU-000014,MLS-CLU-000012,MLS-STA-00001E,Swangard Stadium,Burnaby,USA,1,1,1,1,True
MLS-MAT-000697,2025-03-30,2025-03-30T18:04:13.108Z,local_home_tz,MLS NEXT Pro - Regular Season,3,RBNY II,NYCFC II,MLS-CLU-00001V,MLS-CLU-00001E,MLS-STA-00000B,Sports Illustrated Stadium,"Harrison, NJ",USA,3,2,3,2,True
MLS-MAT-00069B,2025-03-30,2025-03-30T19:33:56.962Z,local_home_tz,MLS NEXT Pro - Regular Season,3,Atlanta,Chattanooga,MLS-CLU-00001W,MLS-CLU-00003H,MLS-STA-000011,Fifth Third Stadium,"Kennesaw, GA",USA,2,2,2,2,True
MLS-MAT-000699,2025-03-30,2025-03-30T20:04:23.645Z,local_home_tz,MLS NEXT Pro - Regular Season,3,FC Cincinnati 2,Chicago Fire FC II,MLS-CLU-00001A,MLS-CLU-000017,MLS-STA-000016,NKU Soccer Stadium,Cincinnati,USA,1,1,1,2,True
MLS-MAT-000698,2025-03-30,2025-03-30T22:32:36.173Z,local_home_tz,MLS NEXT Pro - Regular Season,3,St Louis CITY2,Austin,MLS-CLU-00001G,MLS-CLU-00001Q,MLS-STA-00000U,Energizer Park,"St. Louis, MO",USA,0,0,0,0,True
MLS-MAT-00069A,2025-03-30,2025-03-31T01:03:17.281Z,local_home_tz,MLS NEXT Pro - Regular Season,3,Houston Dynamo 2,MNUFC2,MLS-CLU-00001B,MLS-CLU-00001D,MLS-STA-00000H,Shell Energy Stadium,"Houston, TX",USA,1,3,1,3,True
MLS-MAT-00069C,2025-04-05,2025-04-05T20:03:07.963Z,local_home_tz,MLS NEXT Pro - Regular Season,4,Timbers2,North Texas SC,MLS-CLU-000012,MLS-CLU-000015,MLS-STA-00000P,Providence Park,"Portland, OR",USA,1,2,1,2,True
MLS-MAT-00069D,2025-04-05,2025-04-05T23:04:10.875Z,local_home_tz,MLS NEXT Pro - Regular Season,4,Carolina Core FC,NYCFC II,MLS-CLU-00003I,MLS-CLU-00001E,MLS-STA-00002T,Truist Point,High Point,USA,5,0,5,0,True
MLS-MAT-00069E,2025-04-05,2025-04-05T23:03:11.012Z,local_home_tz,MLS NEXT Pro - Regular Season,4,Chattanooga,Orlando City B,MLS-CLU-00003H,MLS-CLU-000010,MLS-STA-00002S,Finley Stadium,Chattanooga,USA,2,0,2,0,True
MLS-MAT-00069G,2025-04-06,2025-04-06T21:03:29.949Z,local_home_tz,MLS NEXT Pro - Regular Season,4,RBNY II,Chicago Fire FC II,MLS-CLU-00001V,MLS-CLU-000017,MLS-STA-000014,MSU Soccer Park,New Jersey,USA,3,2,3,2,True
MLS-MAT-00069H,2025-04-06,2025-04-06T21:03:40.799Z,local_home_tz,MLS NEXT Pro - Regular Season,4,St Louis CITY2,Colorado Rapids 2,MLS-CLU-00001G,MLS-CLU-000018,MLS-STA-00000U,Energizer Park,"St. Louis, MO",USA,0,1,0,1,True
MLS-MAT-00069I,2025-04-06,2025-04-06T22:05:52.267Z,local_home_tz,MLS NEXT Pro - Regular Season,4,Columbus Crew 2,Charlotte,MLS-CLU-000019,MLS-CLU-00001R,MLS-STA-00000E,Lower.com Field,"Columbus, OH",USA,1,1,1,1,True
MLS-MAT-00069J,2025-04-06,2025-04-06T23:04:28.766Z,local_home_tz,MLS NEXT Pro - Regular Season,4,Houston Dynamo 2,LAFC 2,MLS-CLU-00001B,MLS-CLU-00001U,MLS-STA-00000Y,SaberCats Stadium,"Houston, TX",USA,1,0,1,0,True
MLS-MAT-00069L,2025-04-06,2025-04-07T00:03:44.465Z,local_home_tz,MLS NEXT Pro - Regular Season,4,Real Monarchs,Ventura County,MLS-CLU-000013,MLS-CLU-00001T,MLS-STA-00005P,Greater Zion Stadium,"St. George, UT",USA,1,1,1,2,True
MLS-MAT-00069F,2025-04-06,2025-04-07T02:03:47.102Z,local_home_tz,MLS NEXT Pro - Regular Season,4,Tacoma Defiance,Whitecaps FC 2,MLS-CLU-00000X,MLS-CLU-000014,MLS-STA-00001D,Starfire Sports Complex,"Tukwila, WA",USA,5,3,5,3,True
MLS-MAT-00069K,2025-04-06,2025-04-06T16:05:12.292Z,local_home_tz,MLS NEXT Pro - Regular Season,4,Atlanta,Inter Miami CF II,MLS-CLU-00001W,MLS-CLU-00001C,MLS-STA-00000A,Mercedes-Benz Stadium,"Atlanta, GA",USA,3,2,3,2,True
MLS-MAT-00069M,2025-04-09,2025-04-09T23:03:10.763Z,local_home_tz,MLS NEXT Pro - Regular Season,5,Sporting KC II,MNUFC2,MLS-CLU-00000Y,MLS-CLU-00001D,MLS-STA-000026,Children's Mercy Victory Field,Kansas City,USA,1,4,2,4,True
MLS-MAT-00069N,2025-04-09,2025-04-09T23:03:14.797Z,local_home_tz,MLS NEXT Pro - Regular Season,5,Orlando City B,New England Revolution II,MLS-CLU-000010,MLS-CLU-000016,MLS-STA-000017,Osceola Heritage Park,"Kissimmee, FL",USA,1,0,1,0,True
MLS-MAT-00069O,2025-04-09,2025-04-09T23:35:56.118Z,local_home_tz,MLS NEXT Pro - Regular Season,5,NYCFC II,FC Cincinnati 2,MLS-CLU-00001E,MLS-CLU-00001A,MLS-STA-00000Z,Belson Stadium,New York,USA,2,2,2,2,True
MLS-MAT-00069Q,2025-04-10,2025-04-10T23:03:03.738Z,local_home_tz,MLS NEXT Pro - Regular Season,5,Inter Miami CF II,TFC II,MLS-CLU-00001C,MLS-CLU-000011,MLS-STA-000008,Chase Stadium,"Fort Lauderdale, FL",USA,0,1,0,1,True
MLS-MAT-00069R,2025-04-10,2025-04-10T23:03:06.378Z,local_home_tz,MLS NEXT Pro - Regular Season,5,Philadelphia Union II,Atlanta,MLS-CLU-00000Z,MLS-CLU-00001W,MLS-STA-000002,Subaru Park,"Chester, PA",USA,5,1,5,1,True
MLS-MAT-00069U,2025-04-10,2025-04-11T00:03:08.179Z,local_home_tz,MLS NEXT Pro - Regular Season,5,Real Monarchs,Town FC,MLS-CLU-000013,MLS-CLU-00001F,MLS-STA-00001I,Zions Bank Stadium,"Herriman, UT",USA,2,1,2,1,True
MLS-MAT-00069P,2025-04-10,2025-04-11T02:05:33.033Z,local_home_tz,MLS NEXT Pro - Regular Season,5,LAFC 2,Tacoma Defiance,MLS-CLU-00001U,MLS-CLU-00000X,MLS-STA-00001F,Titan Stadium,"Fullerton, CA",USA,3,2,3,2,True
MLS-MAT-00069S,2025-04-11,2025-04-12T00:33:56.156Z,local_home_tz,MLS NEXT Pro - Regular Season,5,Austin,North Texas SC,MLS-CLU-00001Q,MLS-CLU-000015,MLS-STA-000018,Parmer Field,"Austin, TX",USA,1,1,1,1,True
MLS-MAT-00069V,2025-04-13,2025-04-13T19:04:17.14Z,local_home_tz,MLS NEXT Pro - Regular Season,5,Carolina Core FC,Chattanooga,MLS-CLU-00003I,MLS-CLU-00003H,MLS-STA-00002T,Truist Point,High Point,USA,1,3,1,4,True
MLS-MAT-00069W,2025-04-13,2025-04-13T20:03:16.361Z,local_home_tz,MLS NEXT Pro - Regular Season,5,Timbers2,Colorado Rapids 2,MLS-CLU-000012,MLS-CLU-000018,MLS-STA-00000P,Providence Park,"Portland, OR",USA,1,2,1,2,True
MLS-MAT-00069Y,2025-04-13,2025-04-13T23:03:58.071Z,local_home_tz,MLS NEXT Pro - Regular Season,5,Crown Legacy FC,Huntsville,MLS-CLU-00001R,MLS-CLU-00001S,MLS-STA-000039,Mecklenburg County Sportsplex,"Matthews, NC",USA,1,1,1,1,True
MLS-MAT-00069Z,2025-04-13,2025-04-14T00:07:45.549Z,local_home_tz,MLS NEXT Pro - Regular Season,5,Ventura County,St Louis CITY2,MLS-CLU-00001T,MLS-CLU-00001G,MLS-STA-00004W,William Rolland Stadium,Thousand Oaks,USA,3,1,3,1,True
MLS-MAT-0006A0,2025-04-15,2025-04-15T23:04:35.623Z,local_home_tz,MLS NEXT Pro - Regular Season,5,Inter Miami CF II,Orlando City B,MLS-CLU-00001C,MLS-CLU-000010,MLS-STA-000042,IMG Academy Stadium,"Bradenton, FL",USA,3,2,3,2,True
MLS-MAT-0006A2,2025-04-18,2025-04-18T23:03:29.154Z,local_home_tz,MLS NEXT Pro - Regular Season,6,TFC II,Carolina Core FC,MLS-CLU-000011,MLS-CLU-00003I,MLS-STA-00001H,York Lions Stadium,Toronto,Canada,1,1,1,1,True
MLS-MAT-0006A3,2025-04-19,2025-04-19T23:03:15.502Z,local_home_tz,MLS NEXT Pro - Regular Season,6,Whitecaps FC 2,Austin,MLS-CLU-000014,MLS-CLU-00001Q,MLS-STA-00001E,Swangard Stadium,Burnaby,USA,4,0,4,0,True
MLS-MAT-0006A4,2025-04-19,2025-04-19T23:03:58.251Z,local_home_tz,MLS NEXT Pro - Regular Season,6,Chattanooga,Crown Legacy FC,MLS-CLU-00003H,MLS-CLU-00001R,MLS-STA-00002S,Finley Stadium,Chattanooga,USA,2,1,2,1,True
MLS-MAT-0006A6,2025-04-20,2025-04-20T22:03:21.873Z,local_home_tz,MLS NEXT Pro - Regular Season,6,FC Cincinnati 2,RBNY II,MLS-CLU-00001A,MLS-CLU-00001V,MLS-STA-000016,NKU Soccer Stadium,Cincinnati,USA,3,0,3,1,True
MLS-MAT-0006A7,2025-04-20,2025-04-20T23:03:51.623Z,local_home_tz,MLS NEXT Pro - Regular Season,6,Huntsville,Chicago Fire FC II,MLS-CLU-00001S,MLS-CLU-000017,MLS-STA-000013,Wicks Family Field,"Huntsville, AL",USA,5,0,5,0,True
MLS-MAT-0006A8,2025-04-20,2025-04-21T00:34:21.324Z,local_home_tz,MLS NEXT Pro - Regular Season,6,North Texas SC,Colorado Rapids 2,MLS-CLU-000015,MLS-CLU-000018,MLS-STA-000010,Choctaw Stadium,"Arlington, TX",USA,2,3,2,3,True
MLS-MAT-0006AB,2025-04-23,2025-04-23T21:04:54.662Z,local_home_tz,MLS NEXT Pro - Regular Season,7,New England Revolution II,Columbus Crew 2,MLS-CLU-000016,MLS-CLU-000019,MLS-STA-00000N,Gillette Stadium,"Foxborough, MA",USA,2,2,2,2,True
MLS-MAT-0006AA,2025-04-23,2025-04-23T22:02:56.428Z,local_home_tz,MLS NEXT Pro - Regular Season,7,Real Monarchs,LAFC 2,MLS-CLU-000013,MLS-CLU-00001U,MLS-STA-00000R,America First Field,"Sandy, UT",USA,0,1,1,1,True
MLS-MAT-0006AD,2025-04-23,2025-04-23T23:03:51.584Z,local_home_tz,MLS NEXT Pro - Regular Season,7,Sporting KC II,Tacoma Defiance,MLS-CLU-00000Y,MLS-CLU-00000X,MLS-STA-00005B,Swope Park,"Kansas City, KS",USA,1,4,1,4,True
MLS-MAT-0006AE,2025-04-23,2025-04-23T23:35:07.37Z,local_home_tz,MLS NEXT Pro - Regular Season,7,Atlanta,Carolina Core FC,MLS-CLU-00001W,MLS-CLU-00003I,MLS-STA-000011,Fifth Third Stadium,"Kennesaw, GA",USA,2,2,2,2,True
MLS-MAT-0006AF,2025-04-23,2025-04-23T23:36:15.228Z,local_home_tz,MLS NEXT Pro - Regular Season,7,NYCFC II,Philadelphia Union II,MLS-CLU-00001E,MLS-CLU-00000Z,MLS-STA-00000Z,Belson Stadium,New York,USA,1,4,1,4,True
MLS-MAT-0006AG,2025-04-23,2025-04-24T00:35:59.231Z,local_home_tz,MLS NEXT Pro - Regular Season,7,North Texas SC,Town FC,MLS-CLU-000015,MLS-CLU-00001F,MLS-STA-000010,Choctaw Stadium,"Arlington, TX",USA,2,0,2,0,True
MLS-MAT-0006AC,2025-04-23,2025-04-24T01:03:14.105Z,local_home_tz,MLS NEXT Pro - Regular Season,7,Whitecaps FC 2,Houston Dynamo 2,MLS-CLU-000014,MLS-CLU-00001B,MLS-STA-00001E,Swangard Stadium,Burnaby,USA,1,3,1,3,True
MLS-MAT-0006A9,2025-04-23,2025-04-24T02:03:27.636Z,local_home_tz,MLS NEXT Pro - Regular Season,7,Ventura County,Timbers2,MLS-CLU-00001T,MLS-CLU-000012,MLS-STA-00004W,William Rolland Stadium,Thousand Oaks,USA,2,3,2,3,True
MLS-MAT-0006AH,2025-04-24,2025-04-25T00:03:25.153Z,local_home_tz,MLS NEXT Pro - Regular Season,7,Colorado Rapids 2,MNUFC2,MLS-CLU-000018,MLS-CLU-00001D,MLS-STA-00000J,DICK'S Sporting Goods Park,"Commerce City, CO",USA,0,2,0,2,True
MLS-MAT-0006AI,2025-04-25,2025-04-25T23:03:17.147Z,local_home_tz,MLS NEXT Pro - Regular Season,7,TFC II,Chicago Fire FC II,MLS-CLU-000011,MLS-CLU-000017,MLS-STA-00001H,York Lions Stadium,Toronto,Canada,2,0,2,0,True
MLS-MAT-0006AK,2025-04-26,2025-04-26T19:04:38.126Z,local_home_tz,MLS NEXT Pro - Regular Season,7,New England Revolution II,NYCFC II,MLS-CLU-000016,MLS-CLU-00001E,MLS-STA-00000N,Gillette Stadium,"Foxborough, MA",USA,2,1,2,1,True
MLS-MAT-0006AL,2025-04-26,2025-04-26T23:34:57.04Z,local_home_tz,MLS NEXT Pro - Regular Season,7,Carolina Core FC,Crown Legacy FC,MLS-CLU-00003I,MLS-CLU-00001R,MLS-STA-00002T,Truist Point,High Point,USA,1,2,1,2,True
MLS-MAT-0006AJ,2025-04-26,2025-04-27T02:04:30.079Z,local_home_tz,MLS NEXT Pro - Regular Season,7,Tacoma Defiance,St Louis CITY2,MLS-CLU-00000X,MLS-CLU-00001G,MLS-STA-00001D,Starfire Sports Complex,"Tukwila, WA",USA,3,1,4,1,True
MLS-MAT-0006AN,2025-04-27,2025-04-27T18:03:46.156Z,local_home_tz,MLS NEXT Pro - Regular Season,7,FC Cincinnati 2,Atlanta,MLS-CLU-00001A,MLS-CLU-00001W,MLS-STA-000016,NKU Soccer Stadium,Cincinnati,USA,0,0,0,0,True
MLS-MAT-0006AR,2025-04-27,2025-04-27T18:05:07.963Z,local_home_tz,MLS NEXT Pro - Regular Season,7,Colorado Rapids 2,Sporting KC II,MLS-CLU-000018,MLS-CLU-00000Y,MLS-STA-00001G,University of Denver Soccer Stadium,"Denver, CO",USA,3,0,3,0,True
MLS-MAT-0006AM,2025-04-27,2025-04-27T19:05:07.104Z,local_home_tz,MLS NEXT Pro - Regular Season,7,Columbus Crew 2,Chattanooga,MLS-CLU-000019,MLS-CLU-00003H,MLS-STA-000012,Historic Crew Stadium,"Columbus, OH",USA,3,0,3,0,True
MLS-MAT-0006AO,2025-04-27,2025-04-27T23:03:22.68Z,local_home_tz,MLS NEXT Pro - Regular Season,7,Houston Dynamo 2,Austin,MLS-CLU-00001B,MLS-CLU-00001Q,MLS-STA-00000Y,SaberCats Stadium,"Houston, TX",USA,2,1,2,1,True
MLS-MAT-0006AP,2025-04-27,2025-04-27T23:03:20.82Z,local_home_tz,MLS NEXT Pro - Regular Season,7,Huntsville,Inter Miami CF II,MLS-CLU-00001S,MLS-CLU-00001C,MLS-STA-000013,Wicks Family Field,"Huntsville, AL",USA,4,0,4,0,True
MLS-MAT-0006AQ,2025-04-27,2025-04-27T23:03:10.435Z,local_home_tz,MLS NEXT Pro - Regular Season,7,Orlando City B,RBNY II,MLS-CLU-000010,MLS-CLU-00001V,MLS-STA-000017,Osceola Heritage Park,"Kissimmee, FL",USA,2,4,2,4,True
MLS-MAT-0006AS,2025-04-27,2025-04-28T00:02:47.441Z,local_home_tz,MLS NEXT Pro - Regular Season,7,Town FC,LAFC 2,MLS-CLU-00001F,MLS-CLU-00001U,MLS-STA-000024,St. Mary’s College,"Moraga, CA",USA,5,1,5,1,True
MLS-MAT-0006IO,2025-04-27,2025-04-28T02:04:07.608Z,local_home_tz,MLS NEXT Pro - Regular Season,7,Whitecaps FC 2,Ventura County,MLS-CLU-000014,MLS-CLU-00001T,MLS-STA-00001E,Swangard Stadium,Burnaby,USA,2,3,2,3,True
MLS-MAT-0006AT,2025-05-02,2025-05-02T20:04:12.325Z,local_home_tz,MLS NEXT Pro - Regular Season,8,MNUFC2,North Texas SC,MLS-CLU-00001D,MLS-CLU-000015,MLS-STA-000015,National Sports Center Stadium,"Blaine, MN",USA,0,1,0,1,True
MLS-MAT-0006AU,2025-05-02,2025-05-03T00:04:59.456Z,local_home_tz,MLS NEXT Pro - Regular Season,8,Chicago Fire FC II,Orlando City B,MLS-CLU-000017,MLS-CLU-000010,MLS-STA-00006B,UIC Flames Field,"Chicago, IL",USA,5,1,5,1,True
MLS-MAT-0006AV,2025-05-02,2025-05-03T00:33:38.704Z,local_home_tz,MLS NEXT Pro - Regular Season,8,Austin,Sporting KC II,MLS-CLU-00001Q,MLS-CLU-00000Y,MLS-STA-000018,Parmer Field,"Austin, TX",USA,0,0,0,0,True
MLS-MAT-0006B4,2025-05-02,2025-05-03T02:03:48.835Z,local_home_tz,MLS NEXT Pro - Regular Season,8,Ventura County,Tacoma Defiance,MLS-CLU-00001T,MLS-CLU-00000X,MLS-STA-00004W,William Rolland Stadium,Thousand Oaks,USA,1,2,1,2,True
MLS-MAT-0006AW,2025-05-03,2025-05-03T20:04:29.113Z,local_home_tz,MLS NEXT Pro - Regular Season,8,Whitecaps FC 2,Real Monarchs,MLS-CLU-000014,MLS-CLU-000013,MLS-STA-00000C,BC Place,"Vancouver, BC",Canada,1,1,1,1,True
MLS-MAT-0006AX,2025-05-03,2025-05-04T00:03:47.852Z,local_home_tz,MLS NEXT Pro - Regular Season,8,Chattanooga,Philadelphia Union II,MLS-CLU-00003H,MLS-CLU-00000Z,MLS-STA-00002S,Finley Stadium,Chattanooga,USA,0,0,0,0,True
MLS-MAT-0006AY,2025-05-03,2025-05-04T00:03:21.951Z,local_home_tz,MLS NEXT Pro - Regular Season,8,Huntsville,Atlanta,MLS-CLU-00001S,MLS-CLU-00001W,MLS-STA-000013,Wicks Family Field,"Huntsville, AL",USA,2,2,2,2,True
MLS-MAT-0006B0,2025-05-04,2025-05-04T19:03:12.544Z,local_home_tz,MLS NEXT Pro - Regular Season,8,TFC II,New England Revolution II,MLS-CLU-000011,MLS-CLU-000016,MLS-STA-00001H,York Lions Stadium,Toronto,Canada,2,3,3,3,True
MLS-MAT-0006B1,2025-05-04,2025-05-04T21:04:32.121Z,local_home_tz,MLS NEXT Pro - Regular Season,8,RBNY II,Carolina Core FC,MLS-CLU-00001V,MLS-CLU-00003I,MLS-STA-000014,MSU Soccer Park,New Jersey,USA,2,2,2,2,True
MLS-MAT-0006B2,2025-05-04,2025-05-04T21:03:26.83Z,local_home_tz,MLS NEXT Pro - Regular Season,8,St Louis CITY2,Houston Dynamo 2,MLS-CLU-00001G,MLS-CLU-00001B,MLS-STA-00000U,Energizer Park,"St. Louis, MO",USA,3,1,3,1,True
MLS-MAT-0006B3,2025-05-04,2025-05-04T23:02:55.618Z,local_home_tz,MLS NEXT Pro - Regular Season,8,Inter Miami CF II,NYCFC II,MLS-CLU-00001C,MLS-CLU-00001E,MLS-STA-000008,Chase Stadium,"Fort Lauderdale, FL",USA,4,2,4,2,True
MLS-MAT-0006B5,2025-05-04,2025-05-05T00:03:04.349Z,local_home_tz,MLS NEXT Pro - Regular Season,8,Town FC,Timbers2,MLS-CLU-00001F,MLS-CLU-000012,MLS-STA-000024,St. Mary’s College,"Moraga, CA",USA,5,0,5,0,True
MLS-MAT-0006AZ,2025-05-04,2025-05-05T02:04:09.983Z,local_home_tz,MLS NEXT Pro - Regular Season,8,LAFC 2,Colorado Rapids 2,MLS-CLU-00001U,MLS-CLU-000018,MLS-STA-00001F,Titan Stadium,"Fullerton, CA",USA,3,2,3,2,True
MLS-MAT-0006BC,2025-05-09,2025-05-09T19:03:59.139Z,local_home_tz,MLS NEXT Pro - Regular Season,9,Chicago Fire FC II,FC Cincinnati 2,MLS-CLU-000017,MLS-CLU-00001A,MLS-STA-00001B,SeatGeek Stadium,"Bridgeview, IL",USA,2,1,2,1,True
MLS-MAT-0006B7,2025-05-09,2025-05-09T20:03:06.782Z,local_home_tz,MLS NEXT Pro - Regular Season,9,Timbers2,Whitecaps FC 2,MLS-CLU-000012,MLS-CLU-000014,MLS-STA-00000P,Providence Park,"Portland, OR",USA,1,0,1,0,True
MLS-MAT-0006B8,2025-05-09,2025-05-09T23:04:42.643Z,local_home_tz,MLS NEXT Pro - Regular Season,9,Crown Legacy FC,Inter Miami CF II,MLS-CLU-00001R,MLS-CLU-00001C,MLS-STA-000039,Mecklenburg County Sportsplex,"Matthews, NC",USA,4,2,4,2,True
MLS-MAT-0006B9,2025-05-09,2025-05-09T23:04:27.248Z,local_home_tz,MLS NEXT Pro - Regular Season,9,Houston Dynamo 2,Colorado Rapids 2,MLS-CLU-00001B,MLS-CLU-000018,MLS-STA-00000Y,SaberCats Stadium,"Houston, TX",USA,0,0,0,0,True
MLS-MAT-0006BA,2025-05-09,2025-05-09T23:03:11.72Z,local_home_tz,MLS NEXT Pro - Regular Season,9,TFC II,Chattanooga,MLS-CLU-000011,MLS-CLU-00003H,MLS-STA-00001H,York Lions Stadium,Toronto,Canada,1,2,1,2,True
MLS-MAT-0006BB,2025-05-09,2025-05-09T23:35:50.376Z,local_home_tz,MLS NEXT Pro - Regular Season,9,NYCFC II,RBNY II,MLS-CLU-00001E,MLS-CLU-00001V,MLS-STA-00000Z,Belson Stadium,New York,USA,4,2,5,2,True
MLS-MAT-0006B6,2025-05-09,2025-05-10T02:04:03.311Z,local_home_tz,MLS NEXT Pro - Regular Season,9,Ventura County,LAFC 2,MLS-CLU-00001T,MLS-CLU-00001U,MLS-STA-00000G,Dignity Health Sports Park,"Carson, CA",USA,2,0,2,1,True
MLS-MAT-0006BD,2025-05-10,2025-05-10T23:04:30.013Z,local_home_tz,MLS NEXT Pro - Regular Season,9,Carolina Core FC,Huntsville,MLS-CLU-00003I,MLS-CLU-00001S,MLS-STA-00002T,Truist Point,High Point,USA,0,0,0,0,True
MLS-MAT-0006BE,2025-05-11,2025-05-11T19:03:11.92Z,local_home_tz,MLS NEXT Pro - Regular Season,9,Philadelphia Union II,Columbus Crew 2,MLS-CLU-00000Z,MLS-CLU-000019,MLS-STA-000002,Subaru Park,"Chester, PA",USA,3,0,3,0,True
MLS-MAT-0006BF,2025-05-11,2025-05-12T00:04:06.174Z,local_home_tz,MLS NEXT Pro - Regular Season,9,Town FC,St Louis CITY2,MLS-CLU-00001F,MLS-CLU-00001G,MLS-STA-000024,St. Mary’s College,"Moraga, CA",USA,4,0,4,0,True
MLS-MAT-0006BG,2025-05-13,2025-05-14T02:03:41.648Z,local_home_tz,MLS NEXT Pro - Regular Season,9,Ventura County,Austin,MLS-CLU-00001T,MLS-CLU-00001Q,MLS-STA-00000G,Dignity Health Sports Park,"Carson, CA",USA,0,1,0,1,True
MLS-MAT-0006BI,2025-05-14,2025-05-15T01:03:59.068Z,local_home_tz,MLS NEXT Pro - Regular Season,10,Whitecaps FC 2,Tacoma Defiance,MLS-CLU-000014,MLS-CLU-00000X,MLS-STA-00001E,Swangard Stadium,Burnaby,USA,5,0,5,0,True
MLS-MAT-0006BH,2025-05-14,2025-05-15T02:32:58.232Z,local_home_tz,MLS NEXT Pro - Regular Season,10,Timbers2,LAFC 2,MLS-CLU-000012,MLS-CLU-00001U,MLS-STA-00000P,Providence Park,"Portland, OR",USA,3,0,3,0,True
MLS-MAT-0006BO,2025-05-15,2025-05-15T19:17:57.253Z,local_home_tz,MLS NEXT Pro - Regular Season,10,NYCFC II,TFC II,MLS-CLU-00001E,MLS-CLU-000011,MLS-STA-00000Z,Belson Stadium,New York,USA,3,0,3,0,True
MLS-MAT-0006BJ,2025-05-17,2025-05-17T23:04:06.659Z,local_home_tz,MLS NEXT Pro - Regular Season,10,Orlando City B,Inter Miami CF II,MLS-CLU-000010,MLS-CLU-00001C,MLS-STA-000017,Osceola Heritage Park,"Kissimmee, FL",USA,3,0,3,0,True
MLS-MAT-0006BK,2025-05-17,2025-05-18T00:03:12.631Z,local_home_tz,MLS NEXT Pro - Regular Season,10,Huntsville,Chattanooga,MLS-CLU-00001S,MLS-CLU-00003H,MLS-STA-000013,Wicks Family Field,"Huntsville, AL",USA,1,2,1,2,True
MLS-MAT-0006BL,2025-05-18,2025-05-18T17:03:53.279Z,local_home_tz,MLS NEXT Pro - Regular Season,10,Sporting KC II,Town FC,MLS-CLU-00000Y,MLS-CLU-00001F,MLS-STA-000026,Children's Mercy Victory Field,Kansas City,USA,0,0,0,0,True
MLS-MAT-0006BM,2025-05-18,2025-05-18T19:03:53.138Z,local_home_tz,MLS NEXT Pro - Regular Season,10,Columbus Crew 2,FC Cincinnati 2,MLS-CLU-000019,MLS-CLU-00001A,MLS-STA-000012,Historic Crew Stadium,"Columbus, OH",USA,1,0,1,0,True
MLS-MAT-0006BN,2025-05-18,2025-05-18T20:04:17.738Z,local_home_tz,MLS NEXT Pro - Regular Season,10,MNUFC2,St Louis CITY2,MLS-CLU-00001D,MLS-CLU-00001G,MLS-STA-000015,National Sports Center Stadium,"Blaine, MN",USA,1,3,2,3,True
MLS-MAT-0006BR,2025-05-18,2025-05-18T21:03:12.185Z,local_home_tz,MLS NEXT Pro - Regular Season,10,RBNY II,New England Revolution II,MLS-CLU-00001V,MLS-CLU-000016,MLS-STA-000014,MSU Soccer Park,New Jersey,USA,4,1,4,1,True
MLS-MAT-0006BP,2025-05-18,2025-05-18T23:03:37.723Z,local_home_tz,MLS NEXT Pro - Regular Season,10,Whitecaps FC 2,Ventura County,MLS-CLU-000014,MLS-CLU-00001T,MLS-STA-00001E,Swangard Stadium,Burnaby,USA,0,2,0,2,True
MLS-MAT-0006BQ,2025-05-18,2025-05-19T00:04:20.733Z,local_home_tz,MLS NEXT Pro - Regular Season,10,Colorado Rapids 2,Real Monarchs,MLS-CLU-000018,MLS-CLU-000013,MLS-STA-00000J,DICK'S Sporting Goods Park,"Commerce City, CO",USA,2,1,2,1,True
MLS-MAT-0006BU,2025-05-18,2025-05-19T03:34:28.723Z,local_home_tz,MLS NEXT Pro - Regular Season,10,North Texas SC,Houston Dynamo 2,MLS-CLU-000015,MLS-CLU-00001B,MLS-STA-000010,Choctaw Stadium,"Arlington, TX",USA,2,1,2,1,True
MLS-MAT-0006BT,2025-05-18,2025-05-19T02:33:07.655Z,local_home_tz,MLS NEXT Pro - Regular Season,10,Timbers2,Tacoma Defiance,MLS-CLU-000012,MLS-CLU-00000X,MLS-STA-00000P,Providence Park,"Portland, OR",USA,2,1,2,1,True
MLS-MAT-0006BS,2025-05-19,2025-05-19T23:04:17.42Z,local_home_tz,MLS NEXT Pro - Regular Season,10,Atlanta,Crown Legacy FC,MLS-CLU-00001W,MLS-CLU-00001R,MLS-STA-00001C,Sportsplex at Matthews,"Matthews, NC",USA,2,2,2,2,True
MLS-MAT-0006BV,2025-05-23,2025-05-23T20:08:33.077Z,local_home_tz,MLS NEXT Pro - Regular Season,11,NYCFC II,Chicago Fire FC II,MLS-CLU-00001E,MLS-CLU-000017,MLS-STA-00000Z,Belson Stadium,New York,USA,2,2,2,2,True
MLS-MAT-0006BW,2025-05-23,2025-05-23T23:03:38.42Z,local_home_tz,MLS NEXT Pro - Regular Season,11,Sporting KC II,LAFC 2,MLS-CLU-00000Y,MLS-CLU-00001U,MLS-STA-00005B,Swope Park,"Kansas City, KS",USA,0,3,0,3,True
MLS-MAT-0006BX,2025-05-23,2025-05-23T23:02:35.458Z,local_home_tz,MLS NEXT Pro - Regular Season,11,TFC II,Huntsville,MLS-CLU-000011,MLS-CLU-00001S,MLS-STA-00001H,York Lions Stadium,Toronto,Canada,1,2,1,2,True
MLS-MAT-0006BZ,2025-05-23,2025-05-24T00:02:51.754Z,local_home_tz,MLS NEXT Pro - Regular Season,11,St Louis CITY2,Timbers2,MLS-CLU-00001G,MLS-CLU-000012,MLS-STA-00000U,Energizer Park,"St. Louis, MO",USA,6,3,6,3,True
MLS-MAT-0006C0,2025-05-23,2025-05-24T00:33:36.647Z,local_home_tz,MLS NEXT Pro - Regular Season,11,Austin,MNUFC2,MLS-CLU-00001Q,MLS-CLU-00001D,MLS-STA-000018,Parmer Field,"Austin, TX",USA,1,1,1,1,True
MLS-MAT-0006C1,2025-05-24,2025-05-24T23:02:52.096Z,local_home_tz,MLS NEXT Pro - Regular Season,11,Chattanooga,New England Revolution II,MLS-CLU-00003H,MLS-CLU-000016,MLS-STA-00002S,Finley Stadium,Chattanooga,USA,1,0,1,0,True
MLS-MAT-00068W,2025-05-25,2025-05-25T19:03:08.09Z,local_home_tz,MLS NEXT Pro - Regular Season,3,Philadelphia Union II,Inter Miami CF II,MLS-CLU-00000Z,MLS-CLU-00001C,MLS-STA-000002,Subaru Park,"Chester, PA",USA,0,1,0,1,True
MLS-MAT-0006C3,2025-05-25,2025-05-25T22:03:45.419Z,local_home_tz,MLS NEXT Pro - Regular Season,11,Columbus Crew 2,RBNY II,MLS-CLU-000019,MLS-CLU-00001V,MLS-STA-000012,Historic Crew Stadium,"Columbus, OH",USA,0,1,0,1,True
MLS-MAT-0006BY,2025-05-25,2025-05-26T00:26:00.506Z,local_home_tz,MLS NEXT Pro - Regular Season,11,Atlanta,Orlando City B,MLS-CLU-00001W,MLS-CLU-000010,MLS-STA-000017,Osceola Heritage Park,"Kissimmee, FL",USA,3,0,3,0,True
MLS-MAT-0006C4,2025-05-25,2025-05-25T23:03:51.377Z,local_home_tz,MLS NEXT Pro - Regular Season,11,Crown Legacy FC,FC Cincinnati 2,MLS-CLU-00001R,MLS-CLU-00001A,MLS-STA-000039,Mecklenburg County Sportsplex,"Matthews, NC",USA,2,0,2,0,True
MLS-MAT-0006C5,2025-05-25,2025-05-26T00:10:09.155Z,local_home_tz,MLS NEXT Pro - Regular Season,11,Colorado Rapids 2,Town FC,MLS-CLU-000018,MLS-CLU-00001F,MLS-STA-00000J,DICK'S Sporting Goods Park,"Commerce City, CO",USA,0,3,0,3,True
MLS-MAT-0006C2,2025-05-25,2025-05-26T02:05:14.44Z,local_home_tz,MLS NEXT Pro - Regular Season,11,Tacoma Defiance,North Texas SC,MLS-CLU-00000X,MLS-CLU-000015,MLS-STA-00001D,Starfire Sports Complex,"Tukwila, WA",USA,2,3,2,3,True
MLS-MAT-0006C6,2025-05-28,2025-05-29T00:02:32.915Z,local_home_tz,MLS NEXT Pro - Regular Season,12,Real Monarchs,Timbers2,MLS-CLU-000013,MLS-CLU-000012,MLS-STA-00001I,Zions Bank Stadium,"Herriman, UT",USA,4,1,4,1,True
MLS-MAT-0006C7,2025-05-28,2025-05-29T00:03:15.848Z,local_home_tz,MLS NEXT Pro - Regular Season,12,MNUFC2,Whitecaps FC 2,MLS-CLU-00001D,MLS-CLU-000014,MLS-STA-000015,National Sports Center Stadium,"Blaine, MN",USA,2,3,2,3,True
MLS-MAT-0006C8,2025-05-30,2025-05-30T21:03:19.33Z,local_home_tz,MLS NEXT Pro - Regular Season,12,RBNY II,Atlanta,MLS-CLU-00001V,MLS-CLU-00001W,MLS-STA-000014,MSU Soccer Park,New Jersey,USA,1,0,1,0,True
MLS-MAT-0006C9,2025-05-30,2025-05-30T23:04:00.643Z,local_home_tz,MLS NEXT Pro - Regular Season,12,TFC II,Crown Legacy FC,MLS-CLU-000011,MLS-CLU-00001R,MLS-STA-00001H,York Lions Stadium,Toronto,Canada,1,0,1,0,True
MLS-MAT-0006CA,2025-05-30,2025-05-31T00:33:52.126Z,local_home_tz,MLS NEXT Pro - Regular Season,12,Austin,Houston Dynamo 2,MLS-CLU-00001Q,MLS-CLU-00001B,MLS-STA-000018,Parmer Field,"Austin, TX",USA,1,0,1,1,True
MLS-MAT-0006CC,2025-05-31,2025-05-31T17:37:30.137Z,local_home_tz,MLS NEXT Pro - Regular Season,12,NYCFC II,New England Revolution II,MLS-CLU-00001E,MLS-CLU-000016,MLS-STA-00000Z,Belson Stadium,New York,USA,0,1,0,1,True
MLS-MAT-0006CB,2025-05-31,2025-06-01T02:04:47.85Z,local_home_tz,MLS NEXT Pro - Regular Season,12,Tacoma Defiance,MNUFC2,MLS-CLU-00000X,MLS-CLU-00001D,MLS-STA-00001D,Starfire Sports Complex,"Tukwila, WA",USA,1,1,1,1,True
MLS-MAT-0006CD,2025-06-01,2025-06-01T17:04:28.485Z,local_home_tz,MLS NEXT Pro - Regular Season,12,Sporting KC II,Colorado Rapids 2,MLS-CLU-00000Y,MLS-CLU-000018,MLS-STA-000026,Children's Mercy Victory Field,Kansas City,USA,1,4,1,4,True
MLS-MAT-0006CG,2025-06-01,2025-06-01T18:03:48.635Z,local_home_tz,MLS NEXT Pro - Regular Season,12,Chicago Fire FC II,Columbus Crew 2,MLS-CLU-000017,MLS-CLU-000019,MLS-STA-00001B,SeatGeek Stadium,"Bridgeview, IL",USA,5,0,5,0,True
MLS-MAT-0006CI,2025-06-01,2025-06-01T23:03:34.322Z,local_home_tz,MLS NEXT Pro - Regular Season,12,Inter Miami CF II,Carolina Core FC,MLS-CLU-00001C,MLS-CLU-00003I,MLS-STA-000008,Chase Stadium,"Fort Lauderdale, FL",USA,0,2,1,2,True
MLS-MAT-0006CJ,2025-06-01,2025-06-01T23:03:37.867Z,local_home_tz,MLS NEXT Pro - Regular Season,12,Orlando City B,Chattanooga,MLS-CLU-000010,MLS-CLU-00003H,MLS-STA-000017,Osceola Heritage Park,"Kissimmee, FL",USA,2,1,2,1,True
MLS-MAT-0006CF,2025-06-01,2025-06-02T02:03:48.411Z,local_home_tz,MLS NEXT Pro - Regular Season,12,LAFC 2,Town FC,MLS-CLU-00001U,MLS-CLU-00001F,MLS-STA-00001F,Titan Stadium,"Fullerton, CA",USA,1,2,1,2,True
MLS-MAT-0006CE,2025-06-01,2025-06-02T02:04:58.757Z,local_home_tz,MLS NEXT Pro - Regular Season,12,Ventura County,Real Monarchs,MLS-CLU-00001T,MLS-CLU-000013,MLS-STA-00004W,William Rolland Stadium,Thousand Oaks,USA,3,3,3,3,True
MLS-MAT-0006CH,2025-06-03,2025-06-03T23:03:28.23Z,local_home_tz,MLS NEXT Pro - Regular Season,12,FC Cincinnati 2,Philadelphia Union II,MLS-CLU-00001A,MLS-CLU-00000Z,MLS-STA-000016,NKU Soccer Stadium,Cincinnati,USA,1,4,1,4,True
MLS-MAT-0006CK,2025-06-04,2025-06-04T23:04:06.125Z,local_home_tz,MLS NEXT Pro - Regular Season,13,Crown Legacy FC,RBNY II,MLS-CLU-00001R,MLS-CLU-00001V,MLS-STA-000039,Mecklenburg County Sportsplex,"Matthews, NC",USA,2,5,2,5,True
MLS-MAT-0006CL,2025-06-04,2025-06-05T01:02:49.494Z,local_home_tz,MLS NEXT Pro - Regular Season,13,St Louis CITY2,North Texas SC,MLS-CLU-00001G,MLS-CLU-000015,MLS-STA-00000U,Energizer Park,"St. Louis, MO",USA,2,0,2,0,True
MLS-MAT-0006CQ,2025-06-06,2025-06-06T17:05:58.942Z,local_home_tz,MLS NEXT Pro - Regular Season,13,Atlanta,NYCFC II,MLS-CLU-00001W,MLS-CLU-00001E,MLS-STA-00006O,Turner Soccer Complex,"Athens, GA",USA,2,3,2,3,True
MLS-MAT-0006CM,2025-06-06,2025-06-07T00:03:22.958Z,local_home_tz,MLS NEXT Pro - Regular Season,13,Huntsville,Orlando City B,MLS-CLU-00001S,MLS-CLU-000010,MLS-STA-000013,Wicks Family Field,"Huntsville, AL",USA,2,3,2,3,True
MLS-MAT-0006CN,2025-06-07,2025-06-07T23:03:26.888Z,local_home_tz,MLS NEXT Pro - Regular Season,13,Chattanooga,Inter Miami CF II,MLS-CLU-00003H,MLS-CLU-00001C,MLS-STA-00002S,Finley Stadium,Chattanooga,USA,3,3,3,3,True
MLS-MAT-0006CO,2025-06-07,2025-06-08T00:03:27.427Z,local_home_tz,MLS NEXT Pro - Regular Season,13,Houston Dynamo 2,Sporting KC II,MLS-CLU-00001B,MLS-CLU-00000Y,MLS-STA-00000H,Shell Energy Stadium,"Houston, TX",USA,1,1,1,1,True
MLS-MAT-0006CP,2025-06-08,2025-06-08T22:04:26.894Z,local_home_tz,MLS NEXT Pro - Regular Season,13,FC Cincinnati 2,TFC II,MLS-CLU-00001A,MLS-CLU-000011,MLS-STA-000016,NKU Soccer Stadium,Cincinnati,USA,1,1,1,1,True
MLS-MAT-0006CR,2025-06-08,2025-06-09T00:04:51.817Z,local_home_tz,MLS NEXT Pro - Regular Season,13,Colorado Rapids 2,Austin FC II,MLS-CLU-000018,MLS-CLU-00001Q,MLS-STA-00001G,University of Denver Soccer Stadium,"Denver, CO",USA,0,0,1,0,True
MLS-MAT-00069T,2025-06-08,2025-06-08T20:03:37.342Z,local_home_tz,MLS NEXT Pro - Regular Season,5,Chicago Fire FC II,New England Revolution II,MLS-CLU-000017,MLS-CLU-000016,MLS-STA-00001B,SeatGeek Stadium,"Bridgeview, IL",USA,2,2,2,2,True
MLS-MAT-0006CU,2025-06-11,2025-06-11T21:06:10.992Z,local_home_tz,MLS NEXT Pro - Regular Season,14,Atlanta,Huntsville,MLS-CLU-00001W,MLS-CLU-00001S,MLS-STA-00006O,Turner Soccer Complex,"Athens, GA",USA,0,1,0,1,True
MLS-MAT-0006CV,2025-06-11,2025-06-11T23:34:44.758Z,local_home_tz,MLS NEXT Pro - Regular Season,14,Carolina Core FC,Orlando City B,MLS-CLU-00003I,MLS-CLU-000010,MLS-STA-00002T,Truist Point,High Point,USA,1,0,1,0,True
MLS-MAT-0006CW,2025-06-11,2025-06-12T01:33:00.306Z,local_home_tz,MLS NEXT Pro - Regular Season,14,Real Monarchs,Tacoma Defiance,MLS-CLU-000013,MLS-CLU-00000X,MLS-STA-00000R,America First Field,"Sandy, UT",USA,2,1,2,1,True
MLS-MAT-0006CT,2025-06-11,2025-06-12T02:33:08.568Z,local_home_tz,MLS NEXT Pro - Regular Season,14,Timbers2,Ventura County,MLS-CLU-000012,MLS-CLU-00001T,MLS-STA-00000P,Providence Park,"Portland, OR",USA,2,3,2,3,True
MLS-MAT-0006CX,2025-06-12,2025-06-12T22:03:48.223Z,local_home_tz,MLS NEXT Pro - Regular Season,14,Columbus Crew 2,NYCFC II,MLS-CLU-000019,MLS-CLU-00001E,MLS-STA-000012,Historic Crew Stadium,"Columbus, OH",USA,1,1,1,1,True
MLS-MAT-0006CZ,2025-06-12,2025-06-12T23:03:40.183Z,local_home_tz,MLS NEXT Pro - Regular Season,14,TFC II,Inter Miami CF II,MLS-CLU-000011,MLS-CLU-00001C,MLS-STA-00001H,York Lions Stadium,Toronto,Canada,2,0,2,0,True
MLS-MAT-0006D0,2025-06-12,2025-06-13T00:03:08.967Z,local_home_tz,MLS NEXT Pro - Regular Season,14,MNUFC2,Houston Dynamo 2,MLS-CLU-00001D,MLS-CLU-00001B,MLS-STA-000015,National Sports Center Stadium,"Blaine, MN",USA,4,1,4,1,True
MLS-MAT-0006CY,2025-06-12,2025-06-13T01:05:56.105Z,local_home_tz,MLS NEXT Pro - Regular Season,14,Whitecaps FC 2,LAFC 2,MLS-CLU-000014,MLS-CLU-00001U,MLS-STA-00001E,Swangard Stadium,Burnaby,USA,2,0,2,0,True
MLS-MAT-0006D1,2025-06-14,2025-06-14T23:33:57.415Z,local_home_tz,MLS NEXT Pro - Regular Season,14,Carolina Core FC,Chicago Fire FC II,MLS-CLU-00003I,MLS-CLU-000017,MLS-STA-00002T,Truist Point,High Point,USA,1,1,1,1,True
MLS-MAT-0006D2,2025-06-14,2025-06-15T00:50:26.938Z,local_home_tz,MLS NEXT Pro - Regular Season,14,North Texas SC,Austin FC II,MLS-CLU-000015,MLS-CLU-00001Q,MLS-STA-000010,Choctaw Stadium,"Arlington, TX",USA,1,2,1,2,True
MLS-MAT-0006D3,2025-06-15,2025-06-15T18:04:41.34Z,local_home_tz,MLS NEXT Pro - Regular Season,14,New England Revolution II,FC Cincinnati 2,MLS-CLU-000016,MLS-CLU-00001A,MLS-STA-00000N,Gillette Stadium,"Foxborough, MA",USA,0,1,0,1,True
MLS-MAT-0006D6,2025-06-15,2025-06-15T18:04:29.916Z,local_home_tz,MLS NEXT Pro - Regular Season,14,RBNY II,Chattanooga,MLS-CLU-00001V,MLS-CLU-00003H,MLS-STA-000014,MSU Soccer Park,New Jersey,USA,5,2,5,2,True
MLS-MAT-0006D4,2025-06-15,2025-06-15T23:03:41.2Z,local_home_tz,MLS NEXT Pro - Regular Season,14,Philadelphia Union II,Crown Legacy FC,MLS-CLU-00000Z,MLS-CLU-00001R,MLS-STA-000002,Subaru Park,"Chester, PA",USA,2,0,3,0,True
MLS-MAT-0006D7,2025-06-15,2025-06-16T00:05:37.857Z,local_home_tz,MLS NEXT Pro - Regular Season,14,Colorado Rapids 2,St Louis CITY2,MLS-CLU-000018,MLS-CLU-00001G,MLS-STA-00001G,University of Denver Soccer Stadium,"Denver, CO",USA,2,3,2,3,True
MLS-MAT-0006D8,2025-06-15,2025-06-16T00:04:47.135Z,local_home_tz,MLS NEXT Pro - Regular Season,14,MNUFC2,Ventura County,MLS-CLU-00001D,MLS-CLU-00001T,MLS-STA-000015,National Sports Center Stadium,"Blaine, MN",USA,0,2,0,2,True
MLS-MAT-0006D9,2025-06-15,2025-06-16T01:32:52.028Z,local_home_tz,MLS NEXT Pro - Regular Season,14,Real Monarchs,Houston Dynamo 2,MLS-CLU-000013,MLS-CLU-00001B,MLS-STA-00001I,Zions Bank Stadium,"Herriman, UT",USA,1,1,1,1,True
MLS-MAT-0006DA,2025-06-18,2025-06-19T02:04:35.322Z,local_home_tz,MLS NEXT Pro - Regular Season,15,Colorado Rapids 2,North Texas SC,MLS-CLU-000018,MLS-CLU-000015,MLS-STA-00001G,University of Denver Soccer Stadium,"Denver, CO",USA,1,1,1,1,True
MLS-MAT-0006DC,2025-06-20,2025-06-21T00:03:07.022Z,local_home_tz,MLS NEXT Pro - Regular Season,15,Huntsville,Crown Legacy FC,MLS-CLU-00001S,MLS-CLU-00001R,MLS-STA-000013,Wicks Family Field,"Huntsville, AL",USA,3,3,3,3,True
MLS-MAT-0006DB,2025-06-20,2025-06-21T03:02:42.6Z,local_home_tz,MLS NEXT Pro - Regular Season,15,Timbers2,Austin FC II,MLS-CLU-000012,MLS-CLU-00001Q,MLS-STA-00000P,Providence Park,"Portland, OR",USA,1,1,1,1,True
MLS-MAT-0006DD,2025-06-21,2025-06-21T19:03:33.431Z,local_home_tz,MLS NEXT Pro - Regular Season,15,Columbus Crew 2,Philadelphia Union II,MLS-CLU-000019,MLS-CLU-00000Z,MLS-STA-000012,Historic Crew Stadium,"Columbus, OH",USA,1,3,1,3,True
MLS-MAT-0006DE,2025-06-21,2025-06-21T23:03:34.222Z,local_home_tz,MLS NEXT Pro - Regular Season,15,Whitecaps FC 2,North Texas SC,MLS-CLU-000014,MLS-CLU-000015,MLS-STA-00001E,Swangard Stadium,Burnaby,USA,4,3,4,3,True
MLS-MAT-0006DF,2025-06-21,2025-06-21T23:03:33.34Z,local_home_tz,MLS NEXT Pro - Regular Season,15,Chattanooga,FC Cincinnati 2,MLS-CLU-00003H,MLS-CLU-00001A,MLS-STA-00002S,Finley Stadium,Chattanooga,USA,0,0,0,0,True
MLS-MAT-0006DG,2025-06-21,2025-06-21T23:33:49.378Z,local_home_tz,MLS NEXT Pro - Regular Season,15,Carolina Core FC,RBNY II,MLS-CLU-00003I,MLS-CLU-00001V,MLS-STA-00002T,Truist Point,High Point,USA,1,2,1,2,True
MLS-MAT-0006DH,2025-06-22,2025-06-22T23:03:28.259Z,local_home_tz,MLS NEXT Pro - Regular Season,15,St Louis CITY2,Town FC,MLS-CLU-00001G,MLS-CLU-00001F,MLS-STA-00000U,Energizer Park,"St. Louis, MO",USA,3,1,3,1,True
MLS-MAT-0006DJ,2025-06-25,2025-06-25T23:03:40.202Z,local_home_tz,MLS NEXT Pro - Regular Season,16,Inter Miami CF II,Chicago Fire FC II,MLS-CLU-00001C,MLS-CLU-000017,MLS-STA-000008,Chase Stadium,"Fort Lauderdale, FL",USA,1,3,1,3,True
MLS-MAT-0006DK,2025-06-25,2025-06-25T23:03:23.757Z,local_home_tz,MLS NEXT Pro - Regular Season,16,Orlando City B,TFC II,MLS-CLU-000010,MLS-CLU-000011,MLS-STA-000017,Osceola Heritage Park,"Kissimmee, FL",USA,1,2,1,2,True
MLS-MAT-0006DI,2025-06-25,2025-06-26T02:03:39.483Z,local_home_tz,MLS NEXT Pro - Regular Season,16,LAFC 2,MNUFC2,MLS-CLU-00001U,MLS-CLU-00001D,MLS-STA-00001F,Titan Stadium,"Fullerton, CA",USA,1,0,1,0,True
MLS-MAT-0006DL,2025-06-26,2025-06-26T23:03:28.822Z,local_home_tz,MLS NEXT Pro - Regular Season,16,Philadelphia Union II,New England Revolution II,MLS-CLU-00000Z,MLS-CLU-000016,MLS-STA-000002,Subaru Park,"Chester, PA",USA,2,2,2,2,True
MLS-MAT-0006DN,2025-06-27,2025-06-28T00:34:00.005Z,local_home_tz,MLS NEXT Pro - Regular Season,16,Austin FC II,Sporting KC II,MLS-CLU-00001Q,MLS-CLU-00000Y,MLS-STA-000018,Parmer Field,"Austin, TX",USA,1,0,1,0,True
MLS-MAT-0006DO,2025-06-28,2025-06-28T22:21:13.306Z,local_home_tz,MLS NEXT Pro - Regular Season,16,Columbus Crew 2,Carolina Core FC,MLS-CLU-000019,MLS-CLU-00003I,MLS-STA-000012,Historic Crew Stadium,"Columbus, OH",USA,1,0,1,0,True
MLS-MAT-0006DW,2025-06-28,2025-06-28T22:32:57.034Z,local_home_tz,MLS NEXT Pro - Regular Season,16,St Louis CITY2,Houston Dynamo 2,MLS-CLU-00001G,MLS-CLU-00001B,MLS-STA-00000U,Energizer Park,"St. Louis, MO",USA,1,0,1,0,True
MLS-MAT-0006DP,2025-06-28,2025-06-29T00:04:36.753Z,local_home_tz,MLS NEXT Pro - Regular Season,16,MNUFC2,Colorado Rapids 2,MLS-CLU-00001D,MLS-CLU-000018,MLS-STA-000015,National Sports Center Stadium,"Blaine, MN",USA,2,1,2,1,True
MLS-MAT-0006DQ,2025-06-29,2025-06-29T20:05:04.756Z,local_home_tz,MLS NEXT Pro - Regular Season,16,LAFC 2,Tacoma Defiance,MLS-CLU-00001U,MLS-CLU-00000X,MLS-STA-00001F,Titan Stadium,"Fullerton, CA",USA,2,3,2,3,True
MLS-MAT-0006DT,2025-06-29,2025-06-29T23:03:28.933Z,local_home_tz,MLS NEXT Pro - Regular Season,16,Whitecaps FC 2,Real Monarchs,MLS-CLU-000014,MLS-CLU-000013,MLS-STA-00001E,Swangard Stadium,Burnaby,USA,2,3,2,3,True
MLS-MAT-0006DV,2025-06-29,2025-06-29T23:03:12.691Z,local_home_tz,MLS NEXT Pro - Regular Season,16,RBNY II,FC Cincinnati 2,MLS-CLU-00001V,MLS-CLU-00001A,MLS-STA-000014,MSU Soccer Park,New Jersey,USA,3,2,3,3,True
MLS-MAT-0006DX,2025-06-29,2025-06-30T00:04:46.805Z,local_home_tz,MLS NEXT Pro - Regular Season,16,San Jose Earthquakes II,Ventura County,MLS-CLU-00001F,MLS-CLU-00001T,MLS-STA-000024,St. Mary’s College,"Moraga, CA",USA,1,1,1,1,True
MLS-MAT-0006DY,2025-06-30,2025-06-30T19:59:21.894Z,local_home_tz,MLS NEXT Pro - Regular Season,16,Philadelphia Union II,Orlando City B,MLS-CLU-00000Z,MLS-CLU-000010,MLS-STA-000002,Subaru Park,"Chester, PA",USA,1,1,1,1,True
MLS-MAT-0006DR,2025-06-30,2025-07-01T00:34:02.137Z,local_home_tz,MLS NEXT Pro - Regular Season,16,Chicago Fire FC II,Crown Legacy FC,MLS-CLU-000017,MLS-CLU-00001R,MLS-STA-00001B,SeatGeek Stadium,"Bridgeview, IL",USA,1,1,1,1,True
MLS-MAT-0006E1,2025-07-03,2025-07-04T00:49:23.191Z,local_home_tz,MLS NEXT Pro - Regular Season,17,North Texas SC,MNUFC2,MLS-CLU-000015,MLS-CLU-00001D,MLS-STA-000010,Choctaw Stadium,"Arlington, TX",USA,3,1,3,1,True
MLS-MAT-0006DZ,2025-07-03,2025-07-04T02:04:32.847Z,local_home_tz,MLS NEXT Pro - Regular Season,17,Ventura County,Whitecaps FC 2,MLS-CLU-00001T,MLS-CLU-000014,MLS-STA-00004W,William Rolland Stadium,Thousand Oaks,USA,1,2,1,2,True
MLS-MAT-0006E0,2025-07-03,2025-07-04T02:05:45.885Z,local_home_tz,MLS NEXT Pro - Regular Season,17,Tacoma Defiance,Town FC,MLS-CLU-00000X,MLS-CLU-00001F,MLS-STA-00001D,Starfire Sports Complex,"Tukwila, WA",USA,4,3,4,4,True
MLS-MAT-0006E2,2025-07-04,2025-07-04T23:33:41.586Z,local_home_tz,MLS NEXT Pro - Regular Season,17,Carolina Core FC,Inter Miami CF II,MLS-CLU-00003I,MLS-CLU-00001C,MLS-STA-00002T,Truist Point,High Point,USA,1,2,1,2,True
MLS-MAT-0006E3,2025-07-04,2025-07-05T00:34:43.092Z,local_home_tz,MLS NEXT Pro - Regular Season,17,Austin FC II,LAFC 2,MLS-CLU-00001Q,MLS-CLU-00001U,MLS-STA-000018,Parmer Field,"Austin, TX",USA,4,1,4,1,True
MLS-MAT-0006E4,2025-07-05,2025-07-05T17:03:18.055Z,local_home_tz,MLS NEXT Pro - Regular Season,17,Sporting KC II,Timbers2,MLS-CLU-00000Y,MLS-CLU-000012,MLS-STA-000026,Children's Mercy Victory Field,Kansas City,USA,0,4,0,4,True
MLS-MAT-0006E5,2025-07-05,2025-07-05T19:03:19.938Z,local_home_tz,MLS NEXT Pro - Regular Season,17,Columbus Crew 2,New England Revolution II,MLS-CLU-000019,MLS-CLU-000016,MLS-STA-000012,Historic Crew Stadium,"Columbus, OH",USA,1,2,1,2,True
MLS-MAT-0006E6,2025-07-05,2025-07-05T23:04:19.458Z,local_home_tz,MLS NEXT Pro - Regular Season,17,Chattanooga,Chicago Fire FC II,MLS-CLU-00003H,MLS-CLU-000017,MLS-STA-00002S,Finley Stadium,Chattanooga,USA,0,1,0,1,True
MLS-MAT-0006E7,2025-07-06,2025-07-06T19:04:24.045Z,local_home_tz,MLS NEXT Pro - Regular Season,17,Philadelphia Union II,TFC II,MLS-CLU-00000Z,MLS-CLU-000011,MLS-STA-000002,Subaru Park,"Chester, PA",USA,5,0,5,0,True
MLS-MAT-0006E8,2025-07-06,2025-07-06T22:03:48.736Z,local_home_tz,MLS NEXT Pro - Regular Season,17,FC Cincinnati 2,NYCFC II,MLS-CLU-00001A,MLS-CLU-00001E,MLS-STA-000016,NKU Soccer Stadium,Cincinnati,USA,2,2,2,2,True
MLS-MAT-0006E9,2025-07-06,2025-07-06T23:04:01.582Z,local_home_tz,MLS NEXT Pro - Regular Season,17,Crown Legacy FC,Orlando City B,MLS-CLU-00001R,MLS-CLU-000010,MLS-STA-000039,Mecklenburg County Sportsplex,"Matthews, NC",USA,2,2,2,2,True
MLS-MAT-0006EA,2025-07-06,2025-07-06T23:04:25.674Z,local_home_tz,MLS NEXT Pro - Regular Season,17,RBNY II,Huntsville,MLS-CLU-00001V,MLS-CLU-00001S,MLS-STA-000014,MSU Soccer Park,New Jersey,USA,1,2,1,2,True
MLS-MAT-0006EB,2025-07-06,2025-07-07T00:04:23.116Z,local_home_tz,MLS NEXT Pro - Regular Season,17,Colorado Rapids 2,Houston Dynamo 2,MLS-CLU-000018,MLS-CLU-00001B,MLS-STA-00000J,DICK'S Sporting Goods Park,"Commerce City, CO",USA,2,1,2,1,True
MLS-MAT-0006EC,2025-07-06,2025-07-07T01:32:50.511Z,local_home_tz,MLS NEXT Pro - Regular Season,17,Real Monarchs,St Louis CITY2,MLS-CLU-000013,MLS-CLU-00001G,MLS-STA-00000R,America First Field,"Sandy, UT",USA,1,3,1,3,True
MLS-MAT-0006EE,2025-07-09,2025-07-09T23:04:36.417Z,local_home_tz,MLS NEXT Pro - Regular Season,18,Crown Legacy FC,Carolina Core FC,MLS-CLU-00001R,MLS-CLU-00003I,MLS-STA-000039,Mecklenburg County Sportsplex,"Matthews, NC",USA,0,0,0,0,True
MLS-MAT-0006ED,2025-07-09,2025-07-09T23:34:09.674Z,local_home_tz,MLS NEXT Pro - Regular Season,18,Atlanta,FC Cincinnati 2,MLS-CLU-00001W,MLS-CLU-00001A,MLS-STA-000011,Fifth Third Stadium,"Kennesaw, GA",USA,0,0,0,0,True
MLS-MAT-0006EF,2025-07-11,2025-07-11T23:03:58.204Z,local_home_tz,MLS NEXT Pro - Regular Season,18,TFC II,RBNY II,MLS-CLU-000011,MLS-CLU-00001V,MLS-STA-00001H,York Lions Stadium,Toronto,Canada,2,2,2,2,True
MLS-MAT-0006EG,2025-07-11,2025-07-12T00:33:57.027Z,local_home_tz,MLS NEXT Pro - Regular Season,18,Austin FC II,St Louis CITY2,MLS-CLU-00001Q,MLS-CLU-00001G,MLS-STA-000018,Parmer Field,"Austin, TX",USA,2,4,2,4,True
MLS-MAT-0006EJ,2025-07-13,2025-07-13T18:04:04.889Z,local_home_tz,MLS NEXT Pro - Regular Season,18,Chicago Fire FC II,New England Revolution II,MLS-CLU-000017,MLS-CLU-000016,MLS-STA-00001B,SeatGeek Stadium,"Bridgeview, IL",USA,3,4,3,4,True
MLS-MAT-0006EH,2025-07-13,2025-07-13T19:03:13.622Z,local_home_tz,MLS NEXT Pro - Regular Season,18,Philadelphia Union II,Chattanooga,MLS-CLU-00000Z,MLS-CLU-00003H,MLS-STA-000002,Subaru Park,"Chester, PA",USA,3,3,3,3,True
MLS-MAT-0006EK,2025-07-13,2025-07-13T20:04:34.783Z,local_home_tz,MLS NEXT Pro - Regular Season,18,MNUFC2,Real Monarchs,MLS-CLU-00001D,MLS-CLU-000013,MLS-STA-000015,National Sports Center Stadium,"Blaine, MN",USA,2,1,2,1,True
MLS-MAT-0006EL,2025-07-13,2025-07-13T22:04:26.421Z,local_home_tz,MLS NEXT Pro - Regular Season,18,FC Cincinnati 2,Huntsville,MLS-CLU-00001A,MLS-CLU-00001S,MLS-STA-000016,NKU Soccer Stadium,Cincinnati,USA,1,0,1,0,True
MLS-MAT-0006EM,2025-07-13,2025-07-13T23:03:18.785Z,local_home_tz,MLS NEXT Pro - Regular Season,18,Inter Miami CF II,Crown Legacy FC,MLS-CLU-00001C,MLS-CLU-00001R,MLS-STA-000008,Chase Stadium,"Fort Lauderdale, FL",USA,3,3,3,4,True
MLS-MAT-0006EN,2025-07-13,2025-07-13T23:04:06.867Z,local_home_tz,MLS NEXT Pro - Regular Season,18,Orlando City B,Carolina Core FC,MLS-CLU-000010,MLS-CLU-00003I,MLS-STA-000017,Osceola Heritage Park,"Kissimmee, FL",USA,3,1,3,1,True
MLS-MAT-0006EO,2025-07-13,2025-07-14T00:00:10.959Z,local_home_tz,MLS NEXT Pro - Regular Season,18,Atlanta,Columbus Crew 2,MLS-CLU-00001W,MLS-CLU-000019,MLS-STA-000011,Fifth Third Stadium,"Kennesaw, GA",USA,3,2,3,2,True
MLS-MAT-0006EP,2025-07-13,2025-07-14T00:03:40.481Z,local_home_tz,MLS NEXT Pro - Regular Season,18,Colorado Rapids 2,Whitecaps FC 2,MLS-CLU-000018,MLS-CLU-000014,MLS-STA-00000J,DICK'S Sporting Goods Park,"Commerce City, CO",USA,0,0,0,0,True
MLS-MAT-0006EQ,2025-07-13,2025-07-14T00:04:33.46Z,local_home_tz,MLS NEXT Pro - Regular Season,18,Houston Dynamo 2,North Texas SC,MLS-CLU-00001B,MLS-CLU-000015,MLS-STA-00000Y,SaberCats Stadium,"Houston, TX",USA,3,0,3,0,True
MLS-MAT-0006ER,2025-07-13,2025-07-14T00:03:22Z,local_home_tz,MLS NEXT Pro - Regular Season,18,Town FC,Sporting KC II,MLS-CLU-00001F,MLS-CLU-00000Y,MLS-STA-000024,St. Mary’s College,"Moraga, CA",USA,3,1,3,1,True
MLS-MAT-0006EI,2025-07-13,2025-07-14T02:04:16.728Z,local_home_tz,MLS NEXT Pro - Regular Season,18,LAFC 2,Timbers2,MLS-CLU-00001U,MLS-CLU-000012,MLS-STA-00001F,Titan Stadium,"Fullerton, CA",USA,1,0,1,0,True
MLS-MAT-0006ES,2025-07-16,2025-07-16T23:38:17.88Z,local_home_tz,MLS NEXT Pro - Regular Season,19,NYCFC II,TFC II,MLS-CLU-00001E,MLS-CLU-000011,MLS-STA-00000Z,Belson Stadium,New York,USA,1,0,1,0,True
MLS-MAT-0006ET,2025-07-16,2025-07-17T00:04:12.839Z,local_home_tz,MLS NEXT Pro - Regular Season,19,St Louis CITY2,Ventura County,MLS-CLU-00001G,MLS-CLU-00001T,MLS-STA-00000U,Energizer Park,"St. Louis, MO",USA,1,1,1,1,True
MLS-MAT-0006EV,2025-07-17,2025-07-18T00:06:11.964Z,local_home_tz,MLS NEXT Pro - Regular Season,19,Houston Dynamo 2,Whitecaps FC 2,MLS-CLU-00001B,MLS-CLU-000014,MLS-STA-00000Y,SaberCats Stadium,"Houston, TX",USA,2,4,2,4,True
MLS-MAT-0006EU,2025-07-17,2025-07-18T02:04:41.983Z,local_home_tz,MLS NEXT Pro - Regular Season,19,Tacoma Defiance,Real Monarchs,MLS-CLU-00000X,MLS-CLU-000013,MLS-STA-00001D,Starfire Sports Complex,"Tukwila, WA",USA,2,2,2,2,True
MLS-MAT-0006EX,2025-07-18,2025-07-19T00:03:34.586Z,local_home_tz,MLS NEXT Pro - Regular Season,19,Huntsville,Columbus Crew 2,MLS-CLU-00001S,MLS-CLU-000019,MLS-STA-000013,Wicks Family Field,"Huntsville, AL",USA,2,1,2,1,True
MLS-MAT-0006EY,2025-07-18,2025-07-19T00:33:19.723Z,local_home_tz,MLS NEXT Pro - Regular Season,19,Sporting KC II,North Texas SC,MLS-CLU-00000Y,MLS-CLU-000015,MLS-STA-000026,Children's Mercy Victory Field,Kansas City,USA,1,4,1,4,True
MLS-MAT-0006EW,2025-07-18,2025-07-19T03:03:18.515Z,local_home_tz,MLS NEXT Pro - Regular Season,19,Timbers2,MNUFC2,MLS-CLU-000012,MLS-CLU-00001D,MLS-STA-00000P,Providence Park,"Portland, OR",USA,1,1,1,1,True
MLS-MAT-0006EZ,2025-07-19,2025-07-19T23:03:49.148Z,local_home_tz,MLS NEXT Pro - Regular Season,19,Crown Legacy FC,Philadelphia Union II,MLS-CLU-00001R,MLS-CLU-00000Z,MLS-STA-000039,Mecklenburg County Sportsplex,"Matthews, NC",USA,0,3,0,4,True
MLS-MAT-0006F0,2025-07-19,2025-07-19T23:03:30.157Z,local_home_tz,MLS NEXT Pro - Regular Season,19,Chattanooga,Inter Miami CF II,MLS-CLU-00003H,MLS-CLU-00001C,MLS-STA-00002S,Finley Stadium,Chattanooga,USA,2,2,2,2,True
MLS-MAT-0006F1,2025-07-19,2025-07-20T01:37:06.042Z,local_home_tz,MLS NEXT Pro - Regular Season,19,Carolina Core FC,Atlanta,MLS-CLU-00003I,MLS-CLU-00001W,MLS-STA-00002T,Truist Point,High Point,USA,1,1,1,1,True
MLS-MAT-0006F3,2025-07-20,2025-07-20T19:05:23.354Z,local_home_tz,MLS NEXT Pro - Regular Season,19,New England Revolution II,Orlando City B,MLS-CLU-000016,MLS-CLU-000010,MLS-STA-00000N,Gillette Stadium,"Foxborough, MA",USA,3,0,3,0,True
MLS-MAT-0006F4,2025-07-20,2025-07-20T19:03:27.452Z,local_home_tz,MLS NEXT Pro - Regular Season,19,TFC II,Chicago Fire FC II,MLS-CLU-000011,MLS-CLU-000017,MLS-STA-00001H,York Lions Stadium,Toronto,Canada,1,3,2,3,True
MLS-MAT-0006F5,2025-07-20,2025-07-20T23:04:21.554Z,local_home_tz,MLS NEXT Pro - Regular Season,19,RBNY II,NYCFC II,MLS-CLU-00001V,MLS-CLU-00001E,MLS-STA-000014,MSU Soccer Park,New Jersey,USA,4,2,4,2,True
MLS-MAT-0006F7,2025-07-20,2025-07-21T01:33:12.482Z,local_home_tz,MLS NEXT Pro - Regular Season,19,Real Monarchs,Austin FC II,MLS-CLU-000013,MLS-CLU-00001Q,MLS-STA-00001I,Zions Bank Stadium,"Herriman, UT",USA,0,1,1,1,True
MLS-MAT-0006F2,2025-07-20,2025-07-21T02:04:29.558Z,local_home_tz,MLS NEXT Pro - Regular Season,19,Ventura County,LAFC 2,MLS-CLU-00001T,MLS-CLU-00001U,MLS-STA-00004W,William Rolland Stadium,Thousand Oaks,USA,3,3,3,3,True
MLS-MAT-0006F6,2025-07-20,2025-07-21T02:03:24.949Z,local_home_tz,MLS NEXT Pro - Regular Season,19,Colorado Rapids 2,Tacoma Defiance,MLS-CLU-000018,MLS-CLU-00000X,MLS-STA-00001G,University of Denver Soccer Stadium,"Denver, CO",USA,6,4,6,4,True
MLS-MAT-0006A5,2025-07-22,2025-07-23T00:34:47.378Z,local_home_tz,MLS NEXT Pro - Regular Season,6,Town FC,MNUFC2,MLS-CLU-00001F,MLS-CLU-00001D,MLS-STA-000024,St. Mary’s College,"Moraga, CA",USA,3,2,3,2,True
MLS-MAT-0006F8,2025-07-25,2025-07-26T00:03:20.303Z,local_home_tz,MLS NEXT Pro - Regular Season,20,Huntsville,Orlando City B,MLS-CLU-00001S,MLS-CLU-000010,MLS-STA-000013,Wicks Family Field,"Huntsville, AL",USA,3,0,4,0,True
MLS-MAT-0006F9,2025-07-25,2025-07-26T00:34:38.809Z,local_home_tz,MLS NEXT Pro - Regular Season,20,Austin FC II,Houston Dynamo 2,MLS-CLU-00001Q,MLS-CLU-00001B,MLS-STA-000018,Parmer Field,"Austin, TX",USA,1,0,2,0,True
MLS-MAT-0006FA,2025-07-26,2025-07-26T20:05:50.514Z,local_home_tz,MLS NEXT Pro - Regular Season,20,NYCFC II,Philadelphia Union II,MLS-CLU-00001E,MLS-CLU-00000Z,MLS-STA-000055,Icahn Stadium,New York,USA,0,2,0,2,True
MLS-MAT-0006FB,2025-07-26,2025-07-26T23:05:14.896Z,local_home_tz,MLS NEXT Pro - Regular Season,20,Chattanooga,Crown Legacy FC,MLS-CLU-00003H,MLS-CLU-00001R,MLS-STA-00002S,Finley Stadium,Chattanooga,USA,1,3,1,3,True
MLS-MAT-00095G,2025-07-26,2025-07-27T00:36:33.805Z,local_home_tz,MLS NEXT Pro Invitational,1,North Texas SC,C.D. Tapatío,MLS-CLU-000015,MLS-CLU-00008W,MLS-STA-000005,Toyota Stadium,"Frisco, TX",USA,3,1,3,1,True
MLS-MAT-0006FI,2025-07-26,2025-07-27T03:03:03.351Z,local_home_tz,MLS NEXT Pro - Regular Season,20,Town FC,Real Monarchs,MLS-CLU-00001F,MLS-CLU-000013,MLS-STA-00000Q,PayPal Park,"San Jose, CA",USA,4,0,4,0,True
MLS-MAT-0006FE,2025-07-27,2025-07-27T18:03:35.715Z,local_home_tz,MLS NEXT Pro - Regular Season,20,Chicago Fire FC II,RBNY II,MLS-CLU-000017,MLS-CLU-00001V,MLS-STA-00001B,SeatGeek Stadium,"Bridgeview, IL",USA,9,2,9,2,True
MLS-MAT-0006FF,2025-07-27,2025-07-27T22:03:59.484Z,local_home_tz,MLS NEXT Pro - Regular Season,20,Columbus Crew 2,TFC II,MLS-CLU-000019,MLS-CLU-000011,MLS-STA-000012,Historic Crew Stadium,"Columbus, OH",USA,1,1,1,2,True
MLS-MAT-0006FG,2025-07-27,2025-07-27T23:02:53.055Z,local_home_tz,MLS NEXT Pro - Regular Season,20,Inter Miami CF II,FC Cincinnati 2,MLS-CLU-00001C,MLS-CLU-00001A,MLS-STA-000008,Chase Stadium,"Fort Lauderdale, FL",USA,0,3,0,3,True
MLS-MAT-0006FH,2025-07-27,2025-07-27T23:03:51.525Z,local_home_tz,MLS NEXT Pro - Regular Season,20,St Louis CITY2,MNUFC2,MLS-CLU-00001G,MLS-CLU-00001D,MLS-STA-00000U,Energizer Park,"St. Louis, MO",USA,4,0,4,0,True
MLS-MAT-0006FC,2025-07-27,2025-07-28T02:05:13.177Z,local_home_tz,MLS NEXT Pro - Regular Season,20,LAFC 2,Sporting KC II,MLS-CLU-00001U,MLS-CLU-00000Y,MLS-STA-00001F,Titan Stadium,"Fullerton, CA",USA,1,3,1,3,True
MLS-MAT-0006FD,2025-07-27,2025-07-28T02:04:08.297Z,local_home_tz,MLS NEXT Pro - Regular Season,20,Tacoma Defiance,Timbers2,MLS-CLU-00000X,MLS-CLU-000012,MLS-STA-00001D,Starfire Sports Complex,"Tukwila, WA",USA,1,2,1,2,True
MLS-MAT-0006FJ,2025-07-30,2025-07-30T15:06:25.229Z,local_home_tz,MLS NEXT Pro - Regular Season,21,New England Revolution II,Atlanta,MLS-CLU-000016,MLS-CLU-00001W,MLS-STA-00000N,Gillette Stadium,"Foxborough, MA",USA,3,0,3,0,True
MLS-MAT-0006FK,2025-07-30,2025-07-30T23:34:41.351Z,local_home_tz,MLS NEXT Pro - Regular Season,21,Carolina Core FC,Philadelphia Union II,MLS-CLU-00003I,MLS-CLU-00000Z,MLS-STA-00002T,Truist Point,High Point,USA,3,2,3,2,True
MLS-MAT-0006FL,2025-07-31,2025-07-31T22:03:11.419Z,local_home_tz,MLS NEXT Pro - Regular Season,21,Columbus Crew 2,RBNY II,MLS-CLU-000019,MLS-CLU-00001V,MLS-STA-000012,Historic Crew Stadium,"Columbus, OH",USA,1,2,1,2,True
MLS-MAT-0006FM,2025-07-31,2025-08-01T01:03:32.185Z,local_home_tz,MLS NEXT Pro - Regular Season,21,Whitecaps FC 2,Sporting KC II,MLS-CLU-000014,MLS-CLU-00000Y,MLS-STA-00001E,Swangard Stadium,Burnaby,USA,2,3,2,3,True
MLS-MAT-0006FN,2025-08-01,2025-08-02T02:03:37.205Z,local_home_tz,MLS NEXT Pro - Regular Season,21,Tacoma Defiance,Ventura County,MLS-CLU-00000X,MLS-CLU-00001T,MLS-STA-00001D,Starfire Sports Complex,"Tukwila, WA",USA,4,6,4,6,True
MLS-MAT-0006FX,2025-08-02,2025-08-02T21:05:40.539Z,local_home_tz,MLS NEXT Pro - Regular Season,21,Crown Legacy FC,Huntsville,MLS-CLU-00001R,MLS-CLU-00001S,MLS-STA-000039,Mecklenburg County Sportsplex,"Matthews, NC",USA,0,4,0,4,True
MLS-MAT-0006FP,2025-08-02,2025-08-02T23:02:59.55Z,local_home_tz,MLS NEXT Pro - Regular Season,21,Chattanooga,TFC II,MLS-CLU-00003H,MLS-CLU-000011,MLS-STA-00002S,Finley Stadium,Chattanooga,USA,1,2,1,2,True
MLS-MAT-0006FQ,2025-08-02,2025-08-02T23:35:27.29Z,local_home_tz,MLS NEXT Pro - Regular Season,21,Carolina Core FC,New England Revolution II,MLS-CLU-00003I,MLS-CLU-000016,MLS-STA-00002T,Truist Point,High Point,USA,1,0,1,0,True
MLS-MAT-0006FR,2025-08-02,2025-08-03T00:03:40.182Z,local_home_tz,MLS NEXT Pro - Regular Season,21,MNUFC2,Houston Dynamo 2,MLS-CLU-00001D,MLS-CLU-00001B,MLS-STA-000015,National Sports Center Stadium,"Blaine, MN",USA,2,2,2,2,True
MLS-MAT-0006FS,2025-08-02,2025-08-03T00:49:58.007Z,local_home_tz,MLS NEXT Pro - Regular Season,21,North Texas SC,Colorado Rapids 2,MLS-CLU-000015,MLS-CLU-000018,MLS-STA-000010,Choctaw Stadium,"Arlington, TX",USA,1,3,1,4,True
MLS-MAT-0006FT,2025-08-03,2025-08-03T17:04:20.281Z,local_home_tz,MLS NEXT Pro - Regular Season,21,Sporting KC II,Austin FC II,MLS-CLU-00000Y,MLS-CLU-00001Q,MLS-STA-000026,Children's Mercy Victory Field,Kansas City,USA,1,3,1,3,True
MLS-MAT-0006FV,2025-08-03,2025-08-03T18:03:25.133Z,local_home_tz,MLS NEXT Pro - Regular Season,21,Chicago Fire FC II,Columbus Crew 2,MLS-CLU-000017,MLS-CLU-000019,MLS-STA-00001B,SeatGeek Stadium,"Bridgeview, IL",USA,6,1,6,1,True
MLS-MAT-0006FW,2025-08-03,2025-08-03T22:03:07.293Z,local_home_tz,MLS NEXT Pro - Regular Season,21,Philadelphia Union II,FC Cincinnati 2,MLS-CLU-00000Z,MLS-CLU-00001A,MLS-STA-000002,Subaru Park,"Chester, PA",USA,1,0,1,0,True
MLS-MAT-0006DU,2025-08-03,2025-08-03T23:02:55.324Z,local_home_tz,MLS NEXT Pro - Regular Season,16,Inter Miami CF II,Atlanta,MLS-CLU-00001C,MLS-CLU-00001W,MLS-STA-000008,Chase Stadium,"Fort Lauderdale, FL",USA,2,1,2,1,True
MLS-MAT-0006FY,2025-08-03,2025-08-03T23:03:51.232Z,local_home_tz,MLS NEXT Pro - Regular Season,21,Orlando City B,NYCFC II,MLS-CLU-000010,MLS-CLU-00001E,MLS-STA-000017,Osceola Heritage Park,"Kissimmee, FL",USA,1,3,1,4,True
MLS-MAT-0006FO,2025-08-03,2025-08-04T01:03:01.81Z,local_home_tz,MLS NEXT Pro - Regular Season,21,Timbers2,Real Monarchs,MLS-CLU-000012,MLS-CLU-000013,MLS-STA-00006Q,Civic Park,"Eugene, OR",USA,1,2,1,2,True
MLS-MAT-0006FU,2025-08-03,2025-08-04T02:03:59.583Z,local_home_tz,MLS NEXT Pro - Regular Season,21,LAFC 2,Town FC,MLS-CLU-00001U,MLS-CLU-00001F,MLS-STA-00001F,Titan Stadium,"Fullerton, CA",USA,3,4,3,4,True
MLS-MAT-0006FZ,2025-08-06,2025-08-07T01:03:38.446Z,local_home_tz,MLS NEXT Pro - Regular Season,22,Whitecaps FC 2,St Louis CITY2,MLS-CLU-000014,MLS-CLU-00001G,MLS-STA-00001E,Swangard Stadium,Burnaby,USA,2,4,2,4,True
MLS-MAT-0006G1,2025-08-08,2025-08-08T23:03:44.498Z,local_home_tz,MLS NEXT Pro - Regular Season,22,TFC II,Atlanta,MLS-CLU-000011,MLS-CLU-00001W,MLS-STA-00001H,York Lions Stadium,Toronto,Canada,1,3,1,3,True
MLS-MAT-0006G2,2025-08-08,2025-08-08T23:35:28.123Z,local_home_tz,MLS NEXT Pro - Regular Season,22,NYCFC II,Chicago Fire FC II,MLS-CLU-00001E,MLS-CLU-000017,MLS-STA-000055,Icahn Stadium,New York,USA,3,2,3,3,True
MLS-MAT-0006G3,2025-08-08,2025-08-09T00:03:50.209Z,local_home_tz,MLS NEXT Pro - Regular Season,22,MNUFC2,Sporting KC II,MLS-CLU-00001D,MLS-CLU-00000Y,MLS-STA-00006R,RCTC Stadium,"Rochester, MN",USA,3,2,3,2,True
MLS-MAT-0006G4,2025-08-08,2025-08-09T00:34:10.054Z,local_home_tz,MLS NEXT Pro - Regular Season,22,Austin FC II,North Texas SC,MLS-CLU-00001Q,MLS-CLU-000015,MLS-STA-000018,Parmer Field,"Austin, TX",USA,1,1,1,1,True
MLS-MAT-0006G6,2025-08-09,2025-08-09T23:33:24.977Z,local_home_tz,MLS NEXT Pro - Regular Season,22,Orlando City B,Chattanooga,MLS-CLU-000010,MLS-CLU-00003H,MLS-STA-000017,Osceola Heritage Park,"Kissimmee, FL",USA,2,2,2,2,True
MLS-MAT-0006G7,2025-08-09,2025-08-10T00:03:49.365Z,local_home_tz,MLS NEXT Pro - Regular Season,22,Houston Dynamo 2,Real Monarchs,MLS-CLU-00001B,MLS-CLU-000013,MLS-STA-00000Y,SaberCats Stadium,"Houston, TX",USA,0,4,0,4,True
MLS-MAT-0006GB,2025-08-09,2025-08-10T00:34:51.311Z,local_home_tz,MLS NEXT Pro - Regular Season,22,Town FC,Whitecaps FC 2,MLS-CLU-00001F,MLS-CLU-000014,MLS-STA-000024,St. Mary’s College,"Moraga, CA",USA,2,0,2,1,True
MLS-MAT-0006G5,2025-08-09,2025-08-10T02:04:06.061Z,local_home_tz,MLS NEXT Pro - Regular Season,22,Ventura County,Timbers2,MLS-CLU-00001T,MLS-CLU-000012,MLS-STA-00004W,William Rolland Stadium,Thousand Oaks,USA,2,2,2,2,True
MLS-MAT-0006G9,2025-08-10,2025-08-10T23:03:40.712Z,local_home_tz,MLS NEXT Pro - Regular Season,22,Huntsville,Carolina Core FC,MLS-CLU-00001S,MLS-CLU-00003I,MLS-STA-000013,Wicks Family Field,"Huntsville, AL",USA,3,2,3,2,True
MLS-MAT-0006GA,2025-08-10,2025-08-10T23:03:13.926Z,local_home_tz,MLS NEXT Pro - Regular Season,22,St Louis CITY2,Colorado Rapids 2,MLS-CLU-00001G,MLS-CLU-000018,MLS-STA-00000U,Energizer Park,"St. Louis, MO",USA,2,2,2,2,True
MLS-MAT-0006G0,2025-08-10,2025-08-11T00:04:26.968Z,local_home_tz,MLS NEXT Pro - Regular Season,22,New England Revolution II,Columbus Crew 2,MLS-CLU-000016,MLS-CLU-000019,MLS-STA-00000N,Gillette Stadium,"Foxborough, MA",USA,2,2,2,2,True
MLS-MAT-0006G8,2025-08-10,2025-08-11T03:04:14.736Z,local_home_tz,MLS NEXT Pro - Regular Season,22,Tacoma Defiance,LAFC 2,MLS-CLU-00000X,MLS-CLU-00001U,MLS-STA-00001D,Starfire Sports Complex,"Tukwila, WA",USA,4,1,4,2,True
MLS-MAT-0006GD,2025-08-11,2025-08-11T23:03:04.396Z,local_home_tz,MLS NEXT Pro - Regular Season,22,RBNY II,Philadelphia Union II,MLS-CLU-00001V,MLS-CLU-00000Z,MLS-STA-000014,MSU Soccer Park,New Jersey,USA,2,0,2,0,True
MLS-MAT-0006GC,2025-08-11,2025-08-11T23:33:51.331Z,local_home_tz,MLS NEXT Pro - Regular Season,22,FC Cincinnati 2,Crown Legacy FC,MLS-CLU-00001A,MLS-CLU-00001R,MLS-STA-000016,NKU Soccer Stadium,Cincinnati,USA,4,3,4,3,True
MLS-MAT-0006GE,2025-08-14,2025-08-14T23:04:29.604Z,local_home_tz,MLS NEXT Pro - Regular Season,23,Inter Miami CF II,Huntsville,MLS-CLU-00001C,MLS-CLU-00001S,MLS-STA-000008,Chase Stadium,"Fort Lauderdale, FL",USA,2,2,2,2,True
MLS-MAT-0006GF,2025-08-15,2025-08-15T21:04:45.697Z,local_home_tz,MLS NEXT Pro - Regular Season,23,New England Revolution II,RBNY II,MLS-CLU-000016,MLS-CLU-00001V,MLS-STA-00000N,Gillette Stadium,"Foxborough, MA",USA,4,2,4,2,True
MLS-MAT-0006GG,2025-08-15,2025-08-15T23:03:17.514Z,local_home_tz,MLS NEXT Pro - Regular Season,23,TFC II,FC Cincinnati 2,MLS-CLU-000011,MLS-CLU-00001A,MLS-STA-00001H,York Lions Stadium,Toronto,Canada,0,0,1,0,True
MLS-MAT-0006GH,2025-08-15,2025-08-16T00:03:24.538Z,local_home_tz,MLS NEXT Pro - Regular Season,23,Chicago Fire FC II,Philadelphia Union II,MLS-CLU-000017,MLS-CLU-00000Z,MLS-STA-00001B,SeatGeek Stadium,"Bridgeview, IL",USA,2,0,2,0,True
MLS-MAT-0006GL,2025-08-15,2025-08-16T00:04:00.141Z,local_home_tz,MLS NEXT Pro - Regular Season,23,San Jose Earthquakes II,Ventura County,MLS-CLU-00001F,MLS-CLU-00001T,MLS-STA-000024,St. Mary’s College,"Moraga, CA",USA,4,1,4,1,True
MLS-MAT-0006GJ,2025-08-15,2025-08-16T01:55:30.298Z,local_home_tz,MLS NEXT Pro - Regular Season,23,MNUFC2,Tacoma Defiance,MLS-CLU-00001D,MLS-CLU-00000X,MLS-STA-000015,National Sports Center Stadium,"Blaine, MN",USA,1,1,1,1,True
MLS-MAT-0006GI,2025-08-15,2025-08-16T02:04:21.893Z,local_home_tz,MLS NEXT Pro - Regular Season,23,Colorado Rapids 2,Austin FC II,MLS-CLU-000018,MLS-CLU-00001Q,MLS-STA-00001G,University of Denver Soccer Stadium,"Denver, CO",USA,4,1,4,1,True
MLS-MAT-0006GK,2025-08-16,2025-08-16T23:34:54.216Z,local_home_tz,MLS NEXT Pro - Regular Season,23,Carolina Core FC,Chattanooga,MLS-CLU-00003I,MLS-CLU-00003H,MLS-STA-00002T,Truist Point,High Point,USA,0,1,0,1,True
MLS-MAT-0006GM,2025-08-16,2025-08-17T00:49:40.427Z,local_home_tz,MLS NEXT Pro - Regular Season,23,North Texas SC,St Louis CITY2,MLS-CLU-000015,MLS-CLU-00001G,MLS-STA-000010,Choctaw Stadium,"Arlington, TX",USA,1,3,1,3,True
MLS-MAT-0006GN,2025-08-17,2025-08-17T17:03:30.52Z,local_home_tz,MLS NEXT Pro - Regular Season,23,Sporting KC II,Houston Dynamo 2,MLS-CLU-00000Y,MLS-CLU-00001B,MLS-STA-000026,Children's Mercy Victory Field,Kansas City,USA,1,3,1,3,True
MLS-MAT-0006GO,2025-08-17,2025-08-17T19:04:44.9Z,local_home_tz,MLS NEXT Pro - Regular Season,23,Columbus Crew 2,Orlando City B,MLS-CLU-000019,MLS-CLU-000010,MLS-STA-000012,Historic Crew Stadium,"Columbus, OH",USA,2,1,2,1,True
MLS-MAT-0006GP,2025-08-17,2025-08-17T23:02:53.377Z,local_home_tz,MLS NEXT Pro - Regular Season,23,Huntsville,NYCFC II,MLS-CLU-00001S,MLS-CLU-00001E,MLS-STA-000013,Wicks Family Field,"Huntsville, AL",USA,2,1,2,1,True
MLS-MAT-0006GQ,2025-08-17,2025-08-17T23:36:31.829Z,local_home_tz,MLS NEXT Pro - Regular Season,23,Atlanta,Crown Legacy FC,MLS-CLU-00001W,MLS-CLU-00001R,MLS-STA-000011,Fifth Third Stadium,"Kennesaw, GA",USA,1,0,1,0,True
MLS-MAT-0006GR,2025-08-17,2025-08-18T01:33:16.259Z,local_home_tz,MLS NEXT Pro - Regular Season,23,Real Monarchs,LAFC 2,MLS-CLU-000013,MLS-CLU-00001U,MLS-STA-00000R,America First Field,"Sandy, UT",USA,0,1,0,1,True
MLS-MAT-0006GS,2025-08-20,2025-08-20T23:03:24.995Z,local_home_tz,MLS NEXT Pro - Regular Season,24,Philadelphia Union II,TFC II,MLS-CLU-00000Z,MLS-CLU-000011,MLS-STA-000002,Subaru Park,"Chester, PA",USA,2,2,2,2,True
MLS-MAT-0006GT,2025-08-20,2025-08-21T02:07:21.498Z,local_home_tz,MLS NEXT Pro - Regular Season,24,Colorado Rapids 2,Timbers2,MLS-CLU-000018,MLS-CLU-000012,MLS-STA-00001G,University of Denver Soccer Stadium,"Denver, CO",USA,1,0,1,0,True
MLS-MAT-0006GU,2025-08-21,2025-08-22T02:03:08.541Z,local_home_tz,MLS NEXT Pro - Regular Season,24,LAFC 2,Whitecaps FC 2,MLS-CLU-00001U,MLS-CLU-000014,MLS-STA-00001F,Titan Stadium,"Fullerton, CA",USA,1,3,1,3,True
MLS-MAT-0006GV,2025-08-22,2025-08-22T23:04:52.916Z,local_home_tz,MLS NEXT Pro - Regular Season,24,Crown Legacy FC,Inter Miami CF II,MLS-CLU-00001R,MLS-CLU-00001C,MLS-STA-000039,Mecklenburg County Sportsplex,"Matthews, NC",USA,6,0,6,0,True
MLS-MAT-0006GW,2025-08-22,2025-08-22T23:35:29.088Z,local_home_tz,MLS NEXT Pro - Regular Season,24,NYCFC II,Columbus Crew 2,MLS-CLU-00001E,MLS-CLU-000019,MLS-STA-000055,Icahn Stadium,New York,USA,3,1,3,1,True
MLS-MAT-0006GX,2025-08-22,2025-08-23T00:04:04.919Z,local_home_tz,MLS NEXT Pro - Regular Season,24,Houston Dynamo 2,Town FC,MLS-CLU-00001B,MLS-CLU-00001F,MLS-STA-00000Y,SaberCats Stadium,"Houston, TX",USA,0,1,0,1,True
MLS-MAT-0006GY,2025-08-22,2025-08-23T00:34:16.65Z,local_home_tz,MLS NEXT Pro - Regular Season,24,Austin FC II,Ventura County,MLS-CLU-00001Q,MLS-CLU-00001T,MLS-STA-000018,Parmer Field,"Austin, TX",USA,2,1,2,1,True
MLS-MAT-0006GZ,2025-08-23,2025-08-23T23:03:22.015Z,local_home_tz,MLS NEXT Pro - Regular Season,24,Chattanooga,Huntsville,MLS-CLU-00003H,MLS-CLU-00001S,MLS-STA-00002S,Finley Stadium,Chattanooga,USA,1,0,1,0,True
MLS-MAT-0006H0,2025-08-23,2025-08-23T23:04:04.316Z,local_home_tz,MLS NEXT Pro - Regular Season,24,Orlando City B,Atlanta,MLS-CLU-000010,MLS-CLU-00001W,MLS-STA-000017,Osceola Heritage Park,"Kissimmee, FL",USA,2,1,2,1,True
MLS-MAT-0006H3,2025-08-24,2025-08-24T15:05:04.599Z,local_home_tz,MLS NEXT Pro - Regular Season,24,FC Cincinnati 2,Carolina Core FC,MLS-CLU-00001A,MLS-CLU-00003I,MLS-STA-000016,NKU Soccer Stadium,Cincinnati,USA,2,2,2,3,True
MLS-MAT-0006H2,2025-08-24,2025-08-24T19:03:13.691Z,local_home_tz,MLS NEXT Pro - Regular Season,24,Philadelphia Union II,New England Revolution II,MLS-CLU-00000Z,MLS-CLU-000016,MLS-STA-000002,Subaru Park,"Chester, PA",USA,1,2,1,3,True
MLS-MAT-0006H4,2025-08-24,2025-08-24T23:03:39.739Z,local_home_tz,MLS NEXT Pro - Regular Season,24,RBNY II,Chicago Fire FC II,MLS-CLU-00001V,MLS-CLU-000017,MLS-STA-000014,MSU Soccer Park,New Jersey,USA,1,0,1,0,True
MLS-MAT-0006H5,2025-08-24,2025-08-24T23:03:03.417Z,local_home_tz,MLS NEXT Pro - Regular Season,24,St Louis CITY2,Sporting KC II,MLS-CLU-00001G,MLS-CLU-00000Y,MLS-STA-00000U,Energizer Park,"St. Louis, MO",USA,2,0,3,0,True
MLS-MAT-0006H6,2025-08-24,2025-08-25T00:50:49.268Z,local_home_tz,MLS NEXT Pro - Regular Season,24,North Texas SC,LAFC 2,MLS-CLU-000015,MLS-CLU-00001U,MLS-STA-000010,Choctaw Stadium,"Arlington, TX",USA,0,4,0,4,True
MLS-MAT-0006H7,2025-08-24,2025-08-25T01:32:15.502Z,local_home_tz,MLS NEXT Pro - Regular Season,24,Real Monarchs,MNUFC2,MLS-CLU-000013,MLS-CLU-00001D,MLS-STA-00000R,America First Field,"Sandy, UT",USA,3,2,3,2,True
MLS-MAT-0006H1,2025-08-24,2025-08-25T03:03:05.588Z,local_home_tz,MLS NEXT Pro - Regular Season,24,Timbers2,Tacoma Defiance,MLS-CLU-000012,MLS-CLU-00000X,MLS-STA-00000P,Providence Park,"Portland, OR",USA,2,1,2,1,True
MLS-MAT-0006H8,2025-08-27,2025-08-27T23:34:38.266Z,local_home_tz,MLS NEXT Pro - Regular Season,24,Atlanta,Inter Miami CF II,MLS-CLU-00001W,MLS-CLU-00001C,MLS-STA-000011,Fifth Third Stadium,"Kennesaw, GA",USA,4,1,4,1,True
MLS-MAT-0006H9,2025-08-27,2025-08-28T02:03:06.005Z,local_home_tz,MLS NEXT Pro - Regular Season,25,Town FC,Real Monarchs,MLS-CLU-00001F,MLS-CLU-000013,MLS-STA-00000Q,PayPal Park,"San Jose, CA",USA,0,0,0,0,True
MLS-MAT-0006HA,2025-08-29,2025-08-30T02:03:46.628Z,local_home_tz,MLS NEXT Pro - Regular Season,25,LAFC 2,Austin FC II,MLS-CLU-00001U,MLS-CLU-00001Q,MLS-STA-00001F,Titan Stadium,"Fullerton, CA",USA,1,0,1,0,True
MLS-MAT-0006HB,2025-08-30,2025-08-30T23:35:43.483Z,local_home_tz,MLS NEXT Pro - Regular Season,25,Atlanta,Huntsville,MLS-CLU-00001W,MLS-CLU-00001S,MLS-STA-000011,Fifth Third Stadium,"Kennesaw, GA",USA,2,0,2,0,True
MLS-MAT-0006HC,2025-08-31,2025-08-31T17:04:00.515Z,local_home_tz,MLS NEXT Pro - Regular Season,25,Sporting KC II,Colorado Rapids 2,MLS-CLU-00000Y,MLS-CLU-000018,MLS-STA-000026,Children's Mercy Victory Field,Kansas City,USA,2,3,2,3,True
MLS-MAT-0006HE,2025-08-31,2025-08-31T17:04:57.01Z,local_home_tz,MLS NEXT Pro - Regular Season,25,New England Revolution II,Chicago Fire FC II,MLS-CLU-000016,MLS-CLU-000017,MLS-STA-00000N,Gillette Stadium,"Foxborough, MA",USA,2,2,2,2,True
MLS-MAT-0006HF,2025-08-31,2025-08-31T19:03:29.687Z,local_home_tz,MLS NEXT Pro - Regular Season,25,TFC II,NYCFC II,MLS-CLU-000011,MLS-CLU-00001E,MLS-STA-00001H,York Lions Stadium,Toronto,Canada,3,0,3,0,True
MLS-MAT-0006HJ,2025-08-31,2025-08-31T23:04:04.738Z,local_home_tz,MLS NEXT Pro - Regular Season,25,Orlando City B,Crown Legacy FC,MLS-CLU-000010,MLS-CLU-00001R,MLS-STA-000017,Osceola Heritage Park,"Kissimmee, FL",USA,1,0,1,0,True
MLS-MAT-0006HG,2025-08-31,2025-08-31T23:03:24.417Z,local_home_tz,MLS NEXT Pro - Regular Season,25,Whitecaps FC 2,Timbers2,MLS-CLU-000014,MLS-CLU-000012,MLS-STA-00001E,Swangard Stadium,Burnaby,USA,4,1,4,1,True
MLS-MAT-0006HH,2025-08-31,2025-08-31T23:03:58.989Z,local_home_tz,MLS NEXT Pro - Regular Season,25,RBNY II,Columbus Crew 2,MLS-CLU-00001V,MLS-CLU-000019,MLS-STA-000014,MSU Soccer Park,New Jersey,USA,7,4,7,4,True
MLS-MAT-0006HI,2025-08-31,2025-08-31T23:33:40.673Z,local_home_tz,MLS NEXT Pro - Regular Season,25,FC Cincinnati 2,Philadelphia Union II,MLS-CLU-00001A,MLS-CLU-00000Z,MLS-STA-000016,NKU Soccer Stadium,Cincinnati,USA,1,2,1,2,True
MLS-MAT-0006HK,2025-08-31,2025-09-01T00:03:16.999Z,local_home_tz,MLS NEXT Pro - Regular Season,25,Houston Dynamo 2,St Louis CITY2,MLS-CLU-00001B,MLS-CLU-00001G,MLS-STA-00000Y,SaberCats Stadium,"Houston, TX",USA,2,2,2,2,True
MLS-MAT-0006HL,2025-08-31,2025-09-01T00:04:00.012Z,local_home_tz,MLS NEXT Pro - Regular Season,25,MNUFC2,Town FC,MLS-CLU-00001D,MLS-CLU-00001F,MLS-STA-000015,National Sports Center Stadium,"Blaine, MN",USA,1,0,1,0,True
MLS-MAT-0006HM,2025-08-31,2025-09-01T01:32:53.107Z,local_home_tz,MLS NEXT Pro - Regular Season,25,Real Monarchs,Tacoma Defiance,MLS-CLU-000013,MLS-CLU-00000X,MLS-STA-00001I,Zions Bank Stadium,"Herriman, UT",USA,3,0,3,0,True
MLS-MAT-0006HD,2025-08-31,2025-09-01T02:03:58.949Z,local_home_tz,MLS NEXT Pro - Regular Season,25,Ventura County,North Texas SC,MLS-CLU-00001T,MLS-CLU-000015,MLS-STA-00004W,William Rolland Stadium,Thousand Oaks,USA,0,1,0,1,True
MLS-MAT-0006HP,2025-09-04,2025-09-04T23:03:42.664Z,local_home_tz,MLS NEXT Pro - Regular Season,26,Crown Legacy FC,Carolina Core FC,MLS-CLU-00001R,MLS-CLU-00003I,MLS-STA-000039,Mecklenburg County Sportsplex,"Matthews, NC",USA,3,4,3,4,True
MLS-MAT-0006HO,2025-09-04,2025-09-05T02:03:10.616Z,local_home_tz,MLS NEXT Pro - Regular Season,26,Tacoma Defiance,Whitecaps FC 2,MLS-CLU-00000X,MLS-CLU-000014,MLS-STA-00001D,Starfire Sports Complex,"Tukwila, WA",USA,1,3,1,3,True
MLS-MAT-0006DM,2025-09-06,2025-09-06T17:03:35.158Z,local_home_tz,MLS NEXT Pro - Regular Season,16,Sporting KC II,Real Monarchs,MLS-CLU-00000Y,MLS-CLU-000013,MLS-STA-000026,Children's Mercy Victory Field,Kansas City,USA,2,1,2,1,True
MLS-MAT-0006HS,2025-09-06,2025-09-07T00:03:18.473Z,local_home_tz,MLS NEXT Pro - Regular Season,26,Town FC,Timbers2,MLS-CLU-00001F,MLS-CLU-000012,MLS-STA-000024,St. Mary’s College,"Moraga, CA",USA,2,2,2,2,True
MLS-MAT-0006HQ,2025-09-06,2025-09-07T00:34:39.365Z,local_home_tz,MLS NEXT Pro - Regular Season,26,North Texas SC,Ventura County,MLS-CLU-000015,MLS-CLU-00001T,MLS-STA-000010,Choctaw Stadium,"Arlington, TX",USA,1,1,1,1,True
MLS-MAT-0006HR,2025-09-07,2025-09-07T19:03:11.156Z,local_home_tz,MLS NEXT Pro - Regular Season,26,Columbus Crew 2,Inter Miami CF II,MLS-CLU-000019,MLS-CLU-00001C,MLS-STA-000012,Historic Crew Stadium,"Columbus, OH",USA,4,0,4,0,True
MLS-MAT-0006DS,2025-09-08,2025-09-08T23:04:48.174Z,local_home_tz,MLS NEXT Pro - Regular Season,16,New England Revolution II,Huntsville,MLS-CLU-000016,MLS-CLU-00001S,MLS-STA-00000N,Gillette Stadium,"Foxborough, MA",USA,1,0,1,0,True
MLS-MAT-0006HT,2025-09-10,2025-09-10T19:03:28.34Z,local_home_tz,MLS NEXT Pro - Regular Season,27,Chicago Fire FC II,FC Cincinnati 2,MLS-CLU-000017,MLS-CLU-00001A,MLS-STA-00001B,SeatGeek Stadium,"Bridgeview, IL",USA,2,1,2,1,True
MLS-MAT-0006HV,2025-09-12,2025-09-12T17:04:23.467Z,local_home_tz,MLS NEXT Pro - Regular Season,27,New England Revolution II,TFC II,MLS-CLU-000016,MLS-CLU-000011,MLS-STA-00000N,Gillette Stadium,"Foxborough, MA",USA,2,1,2,1,True
MLS-MAT-0006HW,2025-09-12,2025-09-12T23:04:02.475Z,local_home_tz,MLS NEXT Pro - Regular Season,27,Crown Legacy FC,Chattanooga,MLS-CLU-00001R,MLS-CLU-00003H,MLS-STA-000039,Mecklenburg County Sportsplex,"Matthews, NC",USA,2,4,2,4,True
MLS-MAT-0006HY,2025-09-12,2025-09-13T00:03:10.687Z,local_home_tz,MLS NEXT Pro - Regular Season,27,St Louis CITY2,MNUFC2,MLS-CLU-00001G,MLS-CLU-00001D,MLS-STA-00000U,Energizer Park,"St. Louis, MO",USA,1,1,1,1,True
MLS-MAT-0006HU,2025-09-12,2025-09-13T02:02:26.59Z,local_home_tz,MLS NEXT Pro - Regular Season,27,Tacoma Defiance,Austin FC II,MLS-CLU-00000X,MLS-CLU-00001Q,MLS-STA-00001D,Starfire Sports Complex,"Tukwila, WA",USA,1,2,1,2,True
MLS-MAT-0006HX,2025-09-13,2025-09-13T20:04:06.725Z,local_home_tz,MLS NEXT Pro - Regular Season,27,Whitecaps FC 2,Town FC,MLS-CLU-000014,MLS-CLU-00001F,MLS-STA-00000C,BC Place,"Vancouver, BC",Canada,3,1,3,1,True
MLS-MAT-0006HZ,2025-09-13,2025-09-13T23:34:17.479Z,local_home_tz,MLS NEXT Pro - Regular Season,27,Carolina Core FC,Atlanta,MLS-CLU-00003I,MLS-CLU-00001W,MLS-STA-00002T,Truist Point,High Point,USA,4,2,4,2,True
MLS-MAT-0006I0,2025-09-13,2025-09-14T00:03:51.362Z,local_home_tz,MLS NEXT Pro - Regular Season,27,Huntsville,RBNY II,MLS-CLU-00001S,MLS-CLU-00001V,MLS-STA-000013,Wicks Family Field,"Huntsville, AL",USA,2,3,2,3,True
MLS-MAT-0006I1,2025-09-14,2025-09-14T19:03:54.216Z,local_home_tz,MLS NEXT Pro - Regular Season,27,Columbus Crew 2,Philadelphia Union II,MLS-CLU-000019,MLS-CLU-00000Z,MLS-STA-000012,Historic Crew Stadium,"Columbus, OH",USA,1,3,1,3,True
MLS-MAT-0006I2,2025-09-14,2025-09-14T20:03:14.189Z,local_home_tz,MLS NEXT Pro - Regular Season,27,Timbers2,LAFC 2,MLS-CLU-000012,MLS-CLU-00001U,MLS-STA-00000P,Providence Park,"Portland, OR",USA,5,3,5,3,True
MLS-MAT-0006I4,2025-09-14,2025-09-14T21:03:13.778Z,local_home_tz,MLS NEXT Pro - Regular Season,27,Colorado Rapids 2,Houston Dynamo 2,MLS-CLU-000018,MLS-CLU-00001B,MLS-STA-00006S,University of Northern Colorado – Jackson Field,"Greeley, CO",USA,0,1,0,1,True
MLS-MAT-0006I3,2025-09-14,2025-09-14T23:03:33.087Z,local_home_tz,MLS NEXT Pro - Regular Season,27,Inter Miami CF II,Orlando City B,MLS-CLU-00001C,MLS-CLU-000010,MLS-STA-000008,Chase Stadium,"Fort Lauderdale, FL",USA,1,1,1,1,True
MLS-MAT-0006I5,2025-09-14,2025-09-15T00:34:36.747Z,local_home_tz,MLS NEXT Pro - Regular Season,27,North Texas SC,Sporting KC II,MLS-CLU-000015,MLS-CLU-00000Y,MLS-STA-000010,Choctaw Stadium,"Arlington, TX",USA,1,1,1,1,True
MLS-MAT-0006I6,2025-09-14,2025-09-15T02:03:24.131Z,local_home_tz,MLS NEXT Pro - Regular Season,27,Chicago Fire FC II,NYCFC II,MLS-CLU-000017,MLS-CLU-00001E,MLS-STA-00001B,SeatGeek Stadium,"Bridgeview, IL",USA,4,5,4,5,True
MLS-MAT-0006I7,2025-09-14,2025-09-15T02:03:08.737Z,local_home_tz,MLS NEXT Pro - Regular Season,27,Real Monarchs,Ventura County,MLS-CLU-000013,MLS-CLU-00001T,MLS-STA-00001I,Zions Bank Stadium,"Herriman, UT",USA,2,1,2,1,True
MLS-MAT-0006A1,2025-09-17,2025-09-18T00:03:14.008Z,local_home_tz,MLS NEXT Pro - Regular Season,5,Houston Dynamo 2,Tacoma Defiance,MLS-CLU-00001B,MLS-CLU-00000X,MLS-STA-00000Y,SaberCats Stadium,"Houston, TX",USA,1,2,1,2,True
MLS-MAT-0006I8,2025-09-18,2025-09-18T23:37:28.018Z,local_home_tz,MLS NEXT Pro - Regular Season,28,NYCFC II,New England Revolution II,MLS-CLU-00001E,MLS-CLU-000016,MLS-STA-000055,Icahn Stadium,New York,USA,1,3,1,3,True
MLS-MAT-0006IA,2025-09-19,2025-09-19T23:02:55.35Z,local_home_tz,MLS NEXT Pro - Regular Season,28,Sporting KC II,Whitecaps FC 2,MLS-CLU-00000Y,MLS-CLU-000014,MLS-STA-000026,Children's Mercy Victory Field,Kansas City,USA,2,2,2,2,True
MLS-MAT-0006IB,2025-09-19,2025-09-19T23:03:55.653Z,local_home_tz,MLS NEXT Pro - Regular Season,28,TFC II,Columbus Crew 2,MLS-CLU-000011,MLS-CLU-000019,MLS-STA-00001H,York Lions Stadium,Toronto,Canada,0,0,0,0,True
MLS-MAT-0006IM,2025-09-19,2025-09-20T00:33:44.087Z,local_home_tz,MLS NEXT Pro - Regular Season,28,Austin FC II,St Louis CITY2,MLS-CLU-00001Q,MLS-CLU-00001G,MLS-STA-000018,Parmer Field,"Austin, TX",USA,1,2,1,2,True
MLS-MAT-0006I9,2025-09-19,2025-09-20T02:04:17.361Z,local_home_tz,MLS NEXT Pro - Regular Season,28,LAFC 2,Real Monarchs,MLS-CLU-00001U,MLS-CLU-000013,MLS-STA-00001F,Titan Stadium,"Fullerton, CA",USA,1,3,1,3,True
MLS-MAT-0006IC,2025-09-20,2025-09-20T23:04:01.504Z,local_home_tz,MLS NEXT Pro - Regular Season,28,Crown Legacy FC,Atlanta,MLS-CLU-00001R,MLS-CLU-00001W,MLS-STA-000039,Mecklenburg County Sportsplex,"Matthews, NC",USA,0,1,0,1,True
MLS-MAT-0006IF,2025-09-21,2025-09-21T19:03:08.059Z,local_home_tz,MLS NEXT Pro - Regular Season,28,Philadelphia Union II,Chicago Fire FC II,MLS-CLU-00000Z,MLS-CLU-000017,MLS-STA-000002,Subaru Park,"Chester, PA",USA,5,2,5,2,True
MLS-MAT-0006IH,2025-09-21,2025-09-21T19:03:32.25Z,local_home_tz,MLS NEXT Pro - Regular Season,28,Chattanooga,Carolina Core FC,MLS-CLU-00003H,MLS-CLU-00003I,MLS-STA-00002S,Finley Stadium,Chattanooga,USA,0,0,0,0,True
MLS-MAT-0006IG,2025-09-21,2025-09-21T20:03:21.653Z,local_home_tz,MLS NEXT Pro - Regular Season,28,MNUFC2,North Texas SC,MLS-CLU-00001D,MLS-CLU-000015,MLS-STA-00000L,Allianz Field,"St. Paul, MN",USA,1,2,1,2,True
MLS-MAT-0006II,2025-09-21,2025-09-21T21:03:50.477Z,local_home_tz,MLS NEXT Pro - Regular Season,28,RBNY II,Inter Miami CF II,MLS-CLU-00001V,MLS-CLU-00001C,MLS-STA-000014,MSU Soccer Park,New Jersey,USA,1,1,1,1,True
MLS-MAT-0006IJ,2025-09-21,2025-09-21T22:05:00.124Z,local_home_tz,MLS NEXT Pro - Regular Season,28,FC Cincinnati 2,New England Revolution II,MLS-CLU-00001A,MLS-CLU-000016,MLS-STA-000016,NKU Soccer Stadium,Cincinnati,USA,3,1,3,1,True
MLS-MAT-0006IK,2025-09-21,2025-09-21T23:03:49.773Z,local_home_tz,MLS NEXT Pro - Regular Season,28,Orlando City B,Huntsville,MLS-CLU-000010,MLS-CLU-00001S,MLS-STA-000017,Osceola Heritage Park,"Kissimmee, FL",USA,0,1,0,1,True
MLS-MAT-0006IL,2025-09-21,2025-09-22T00:03:46.737Z,local_home_tz,MLS NEXT Pro - Regular Season,28,Houston Dynamo 2,Timbers2,MLS-CLU-00001B,MLS-CLU-000012,MLS-STA-00000Y,SaberCats Stadium,"Houston, TX",USA,3,1,3,1,True
MLS-MAT-0006ID,2025-09-21,2025-09-22T02:04:30.955Z,local_home_tz,MLS NEXT Pro - Regular Season,28,Ventura County,San Jose Earthquakes II,MLS-CLU-00001T,MLS-CLU-00001F,MLS-STA-00004W,William Rolland Stadium,Thousand Oaks,USA,0,4,0,4,True
MLS-MAT-0006IE,2025-09-21,2025-09-22T02:09:40.179Z,local_home_tz,MLS NEXT Pro - Regular Season,28,Tacoma Defiance,Colorado Rapids 2,MLS-CLU-00000X,MLS-CLU-000018,MLS-STA-00001D,Starfire Sports Complex,"Tukwila, WA",USA,1,4,1,4,True
MLS-MAT-00069X,2025-09-25,2025-09-25T23:34:38.167Z,local_home_tz,MLS NEXT Pro - Regular Season,5,FC Cincinnati 2,Columbus Crew 2,MLS-CLU-00001A,MLS-CLU-000019,MLS-STA-000016,NKU Soccer Stadium,Cincinnati,USA,4,3,4,3,True
MLS-MAT-0006IP,2025-09-26,2025-09-26T19:05:07.308Z,local_home_tz,MLS NEXT Pro - Regular Season,29,New England Revolution II,Crown Legacy FC,MLS-CLU-000016,MLS-CLU-00001R,MLS-STA-00000N,Gillette Stadium,"Foxborough, MA",USA,0,1,0,1,True
MLS-MAT-0006IQ,2025-09-26,2025-09-26T23:05:09.799Z,local_home_tz,MLS NEXT Pro - Regular Season,29,TFC II,Philadelphia Union II,MLS-CLU-000011,MLS-CLU-00000Z,MLS-STA-00001H,York Lions Stadium,Toronto,Canada,1,2,1,2,True
MLS-MAT-0006IR,2025-09-26,2025-09-27T00:33:42.509Z,local_home_tz,MLS NEXT Pro - Regular Season,29,Austin FC II,Timbers2,MLS-CLU-00001Q,MLS-CLU-000012,MLS-STA-000018,Parmer Field,"Austin, TX",USA,1,2,1,2,True
MLS-MAT-0006IS,2025-09-27,2025-09-27T20:33:43.638Z,local_home_tz,MLS NEXT Pro - Regular Season,29,Colorado Rapids 2,MNUFC2,MLS-CLU-000018,MLS-CLU-00001D,MLS-STA-00000J,DICK'S Sporting Goods Park,"Commerce City, CO",USA,1,2,1,2,True
MLS-MAT-0006IT,2025-09-27,2025-09-27T23:35:20.309Z,local_home_tz,MLS NEXT Pro - Regular Season,29,Carolina Core FC,Orlando City B,MLS-CLU-00003I,MLS-CLU-000010,MLS-STA-00002T,Truist Point,High Point,USA,3,3,3,3,True
MLS-MAT-0006IU,2025-09-27,2025-09-28T00:34:07.325Z,local_home_tz,MLS NEXT Pro - Regular Season,29,North Texas SC,Real Monarchs,MLS-CLU-000015,MLS-CLU-000013,MLS-STA-000010,Choctaw Stadium,"Arlington, TX",USA,2,4,2,4,True
MLS-MAT-0006IV,2025-09-28,2025-09-28T17:04:30.962Z,local_home_tz,MLS NEXT Pro - Regular Season,29,Sporting KC II,Ventura County,MLS-CLU-00000Y,MLS-CLU-00001T,MLS-STA-000026,Children's Mercy Victory Field,Kansas City,USA,1,2,1,2,True
MLS-MAT-0006IW,2025-09-28,2025-09-28T18:05:18.713Z,local_home_tz,MLS NEXT Pro - Regular Season,29,Chicago Fire FC II,Atlanta,MLS-CLU-000017,MLS-CLU-00001W,MLS-STA-00001B,SeatGeek Stadium,"Bridgeview, IL",USA,2,5,2,5,True
MLS-MAT-0006IX,2025-09-28,2025-09-28T21:03:01.749Z,local_home_tz,MLS NEXT Pro - Regular Season,29,St Louis CITY2,LAFC 2,MLS-CLU-00001G,MLS-CLU-00001U,MLS-STA-00000U,Energizer Park,"St. Louis, MO",USA,1,1,1,1,True
MLS-MAT-0006J1,2025-09-28,2025-09-28T22:04:24.097Z,local_home_tz,MLS NEXT Pro - Regular Season,29,Town FC,Tacoma Defiance,MLS-CLU-00001F,MLS-CLU-00000X,MLS-STA-000024,St. Mary’s College,"Moraga, CA",USA,0,1,0,1,True
MLS-MAT-0006IZ,2025-09-28,2025-09-28T23:35:14.465Z,local_home_tz,MLS NEXT Pro - Regular Season,29,NYCFC II,Chattanooga,MLS-CLU-00001E,MLS-CLU-00003H,MLS-STA-000055,Icahn Stadium,New York,USA,0,1,0,1,True
MLS-MAT-0006J0,2025-09-28,2025-09-29T00:03:49.93Z,local_home_tz,MLS NEXT Pro - Regular Season,29,Huntsville,Inter Miami CF II,MLS-CLU-00001S,MLS-CLU-00001C,MLS-STA-000013,Wicks Family Field,"Huntsville, AL",USA,4,1,4,1,True
MLS-MAT-0006IY,2025-10-01,2025-10-01T23:33:50.421Z,local_home_tz,MLS NEXT Pro - Regular Season,29,FC Cincinnati 2,RBNY II,MLS-CLU-00001A,MLS-CLU-00001V,MLS-STA-000016,NKU Soccer Stadium,Cincinnati,USA,2,1,2,1,True
MLS-MAT-0006CS,2025-10-01,2025-10-02T02:03:40.213Z,local_home_tz,MLS NEXT Pro - Regular Season,13,Town FC,Whitecaps FC 2,MLS-CLU-00001F,MLS-CLU-000014,MLS-STA-00000Q,PayPal Park,"San Jose, CA",USA,2,1,2,1,True
MLS-MAT-0006IN,2025-09-24,2025-09-24T23:33:52.965Z,local_home_tz,MLS NEXT Pro - Regular Season,29,Atlanta,Chattanooga,MLS-CLU-00001W,MLS-CLU-00003H,MLS-STA-000011,Fifth Third Stadium,"Kennesaw, GA",USA,0,1,0,1,True
MLS-MAT-0006J8,2025-10-05,2025-10-05T17:03:28.548Z,local_home_tz,MLS NEXT Pro - Regular Season,30,Philadelphia Union II,NYCFC II,MLS-CLU-00000Z,MLS-CLU-00001E,MLS-STA-000002,Subaru Park,"Chester, PA",USA,4,3,4,3,True
MLS-MAT-0006J7,2025-10-05,2025-10-05T17:04:05.27Z,local_home_tz,MLS NEXT Pro - Regular Season,30,Orlando City B,FC Cincinnati 2,MLS-CLU-000010,MLS-CLU-00001A,MLS-STA-000017,Osceola Heritage Park,"Kissimmee, FL",USA,1,4,1,4,True
MLS-MAT-0006J6,2025-10-05,2025-10-05T17:03:18.256Z,local_home_tz,MLS NEXT Pro - Regular Season,30,RBNY II,TFC II,MLS-CLU-00001V,MLS-CLU-000011,MLS-STA-000014,MSU Soccer Park,New Jersey,USA,2,1,2,1,True
MLS-MAT-0006J5,2025-10-05,2025-10-05T17:03:29.331Z,local_home_tz,MLS NEXT Pro - Regular Season,30,Inter Miami CF II,New England Revolution II,MLS-CLU-00001C,MLS-CLU-000016,MLS-STA-000008,Chase Stadium,"Fort Lauderdale, FL",USA,2,5,2,5,True
MLS-MAT-0006J4,2025-10-05,2025-10-05T17:03:56.021Z,local_home_tz,MLS NEXT Pro - Regular Season,30,Huntsville,Carolina Core FC,MLS-CLU-00001S,MLS-CLU-00003I,MLS-STA-000013,Wicks Family Field,"Huntsville, AL",USA,3,0,3,0,True
MLS-MAT-0006J3,2025-10-05,2025-10-05T17:03:36.574Z,local_home_tz,MLS NEXT Pro - Regular Season,30,Columbus Crew 2,Chicago Fire FC II,MLS-CLU-000019,MLS-CLU-000017,MLS-STA-00000E,Lower.com Field,"Columbus, OH",USA,3,3,3,3,True
MLS-MAT-0006J2,2025-10-05,2025-10-05T17:03:20.23Z,local_home_tz,MLS NEXT Pro - Regular Season,30,Chattanooga,Atlanta,MLS-CLU-00003H,MLS-CLU-00001W,MLS-STA-00002S,Finley Stadium,Chattanooga,USA,1,1,1,1,True
MLS-MAT-0006J9,2025-10-05,2025-10-05T20:03:40.873Z,local_home_tz,MLS NEXT Pro - Regular Season,30,Ventura County,Colorado Rapids 2,MLS-CLU-00001T,MLS-CLU-000018,MLS-STA-00004W,William Rolland Stadium,Thousand Oaks,USA,0,2,0,2,True
MLS-MAT-0006JA,2025-10-05,2025-10-05T20:04:00.707Z,local_home_tz,MLS NEXT Pro - Regular Season,30,LAFC 2,North Texas SC,MLS-CLU-00001U,MLS-CLU-000015,MLS-STA-00006T,USC - Rawlinson Stadium,"Los Angeles, CA",USA,2,4,2,4,True
MLS-MAT-0006JB,2025-10-05,2025-10-05T20:04:48.962Z,local_home_tz,MLS NEXT Pro - Regular Season,30,MNUFC2,Sporting KC II,MLS-CLU-00001D,MLS-CLU-00000Y,MLS-STA-000015,National Sports Center Stadium,"Blaine, MN",USA,3,1,3,1,True
MLS-MAT-0006JC,2025-10-05,2025-10-05T20:03:07.591Z,local_home_tz,MLS NEXT Pro - Regular Season,30,Timbers2,St Louis CITY2,MLS-CLU-000012,MLS-CLU-00001G,MLS-STA-00000P,Providence Park,"Portland, OR",USA,2,1,2,1,True
MLS-MAT-0006JD,2025-10-05,2025-10-05T20:03:00.11Z,local_home_tz,MLS NEXT Pro - Regular Season,30,Real Monarchs,Whitecaps FC 2,MLS-CLU-000013,MLS-CLU-000014,MLS-STA-00001I,Zions Bank Stadium,"Herriman, UT",USA,4,1,4,1,True
MLS-MAT-0006JE,2025-10-05,2025-10-05T20:04:14.004Z,local_home_tz,MLS NEXT Pro - Regular Season,30,Town FC,Austin FC II,MLS-CLU-00001F,MLS-CLU-00001Q,MLS-STA-000024,St. Mary’s College,"Moraga, CA",USA,1,2,1,2,True
MLS-MAT-0006JF,2025-10-05,2025-10-05T20:03:25.349Z,local_home_tz,MLS NEXT Pro - Regular Season,30,Tacoma Defiance,Houston Dynamo 2,MLS-CLU-00000X,MLS-CLU-00001B,MLS-STA-00001D,Starfire Sports Complex,"Tukwila, WA",USA,5,1,5,1,True
MLS-MAT-00097K,2025-10-19,2025-10-19T20:03:36.265Z,local_home_tz,MLS NEXT Pro - Playoffs,1,Colorado Rapids 2,Whitecaps FC 2,MLS-CLU-000018,MLS-CLU-000014,MLS-STA-00000J,DICK'S Sporting Goods Park,"Commerce City, CO",USA,3,2,3,2,True
MLS-MAT-00097N,2025-10-19,2025-10-19T20:03:14.022Z,local_home_tz,MLS NEXT Pro - Playoffs,1,Philadelphia Union II,FC Cincinnati 2,MLS-CLU-00000Z,MLS-CLU-00001A,MLS-STA-000002,Subaru Park,"Chester, PA",USA,2,1,2,1,True
MLS-MAT-00097O,2025-10-19,2025-10-19T22:04:03.062Z,local_home_tz,MLS NEXT Pro - Playoffs,1,New England Revolution II,Chicago Fire FC II,MLS-CLU-000016,MLS-CLU-000017,MLS-STA-00000N,Gillette Stadium,"Foxborough, MA",USA,0,1,0,1,True
MLS-MAT-00097P,2025-10-19,2025-10-19T23:04:44.777Z,local_home_tz,MLS NEXT Pro - Playoffs,1,Chattanooga,Huntsville,MLS-CLU-00003H,MLS-CLU-00001S,MLS-STA-00002S,Finley Stadium,Chattanooga,USA,0,2,0,2,True
MLS-MAT-00097M,2025-10-19,2025-10-19T23:03:48.134Z,local_home_tz,MLS NEXT Pro - Playoffs,1,RBNY II,Carolina Core FC,MLS-CLU-00001V,MLS-CLU-00003I,MLS-STA-000014,MSU Soccer Park,New Jersey,USA,5,1,5,1,True
MLS-MAT-00097I,2025-10-19,2025-10-19T23:03:42.142Z,local_home_tz,MLS NEXT Pro - Playoffs,1,St Louis CITY2,Ventura County,MLS-CLU-00001G,MLS-CLU-00001T,MLS-STA-00000U,Energizer Park,"St. Louis, MO",USA,3,0,3,0,True
MLS-MAT-00097L,2025-10-19,2025-10-20T00:03:10.866Z,local_home_tz,MLS NEXT Pro - Playoffs,1,Real Monarchs,MNUFC2,MLS-CLU-000013,MLS-CLU-00001D,MLS-STA-00001I,Zions Bank Stadium,"Herriman, UT",USA,1,2,1,2,True
MLS-MAT-00097J,2025-10-19,2025-10-20T01:03:30.975Z,local_home_tz,MLS NEXT Pro - Playoffs,1,Town FC,North Texas SC,MLS-CLU-00001F,MLS-CLU-000015,MLS-STA-00000Q,PayPal Park,"San Jose, CA",USA,3,0,3,0,True
MLS-MAT-00097T,2025-10-25,2025-10-25T22:03:34.671Z,local_home_tz,MLS NEXT Pro - Playoffs,2,Philadelphia Union II,Huntsville,MLS-CLU-00000Z,MLS-CLU-00001S,MLS-STA-000002,Subaru Park,"Chester, PA",USA,1,0,1,0,True
MLS-MAT-00097Q,2025-10-26,2025-10-26T22:03:12.532Z,local_home_tz,MLS NEXT Pro - Playoffs,2,St Louis CITY2,MNUFC2,MLS-CLU-00001G,MLS-CLU-00001D,MLS-STA-00000U,Energizer Park,"St. Louis, MO",USA,0,2,0,2,True
MLS-MAT-00097S,2025-10-26,2025-10-26T23:04:03.746Z,local_home_tz,MLS NEXT Pro - Playoffs,2,RBNY II,Chicago Fire FC II,MLS-CLU-00001V,MLS-CLU-000017,MLS-STA-000014,MSU Soccer Park,New Jersey,USA,5,3,5,3,True
MLS-MAT-00097R,2025-10-26,2025-10-27T01:03:08.709Z,local_home_tz,MLS NEXT Pro - Playoffs,2,Town FC,Colorado Rapids 2,MLS-CLU-00001F,MLS-CLU-000018,MLS-STA-00000Q,PayPal Park,"San Jose, CA",USA,2,4,2,4,True
MLS-MAT-00097V,2025-11-01,2025-11-01T23:04:20.688Z,local_home_tz,MLS NEXT Pro - Playoffs,3,RBNY II,Philadelphia Union II,MLS-CLU-00001V,MLS-CLU-00000Z,MLS-STA-00000B,Sports Illustrated Stadium,"Harrison, NJ",USA,2,1,2,1,True
MLS-MAT-00097U,2025-11-02,2025-11-03T01:35:29.752Z,local_home_tz,MLS NEXT Pro - Playoffs,3,Colorado Rapids 2,MNUFC2,MLS-CLU-000018,MLS-CLU-00001D,MLS-STA-00000J,DICK'S Sporting Goods Park,"Commerce City, CO",USA,2,1,2,1,True
MLS-MAT-00097W,2025-11-08,2025-11-09T00:09:55.695Z,local_home_tz,MLS NEXT Pro - Playoffs,4,RBNY II,Colorado Rapids 2,MLS-CLU-00001V,MLS-CLU-000018,MLS-STA-00000B,Sports Illustrated Stadium,"Harrison, NJ",USA,3,3,3,3,True
